post_id,publish_date,post_type,actual_reach,predicted_reach,predicted_tier,tier_confidence,prediction_error,prediction_error_pct,confidence_lower,confidence_upper,is_within_range
0,2021-10-02 07:58:00,Photos,371.0,186,Low,0.8515640328667896,185.0,49.865229110512125,130,241,0
1,2021-10-08 05:16:00,Photos,939.0,599,Low,0.9147888797435857,340.0,36.2087326943557,419,778,0
2,2021-10-18 04:00:00,Videos,1161.0,888,Low,0.7882030354273205,273.0,23.51421188630491,621,1154,0
3,2021-10-30 06:59:00,Photos,467.0,467,Low,0.8539565259877575,0.0,0.0,326,607,1
4,2022-01-01 04:18:00,Photos,625.0,518,Low,0.8014109254266869,107.0,17.119999999999997,362,673,1
5,2022-05-20 04:27:00,Videos,140.0,191,Low,0.7804887244541509,-51.0,36.42857142857142,133,248,1
6,2022-05-24 02:42:00,Photos,306.0,330,Low,0.8512078144928543,-24.0,7.8431372549019605,230,429,1
7,2022-06-17 04:00:00,Photos,1409.0,309,Low,0.5364797358288779,1100.0,78.06955287437899,216,401,0
8,2022-06-20 04:09:00,Photos,599.0,496,Low,0.883802700228052,103.0,17.195325542570952,347,644,1
9,2022-06-29 04:00:00,Photos,691.0,506,Low,0.9020317311246862,185.0,26.772793053545584,354,657,0
10,2022-07-01 03:05:00,Videos,1354.0,1630,Medium,0.6269914100553955,-276.0,20.38404726735598,1141,2119,1
11,2022-07-03 06:46:00,Videos,1049.0,483,Low,0.649892174392244,566.0,53.95614871306006,338,627,0
12,2022-07-04 00:56:00,Photos,818.0,269,Low,0.8618934004867603,549.0,67.11491442542787,188,349,0
13,2022-07-04 05:00:00,Photos,236.0,253,Low,0.856039316017235,-17.0,7.203389830508475,177,328,1
14,2022-07-05 02:00:00,Photos,407.0,367,Low,0.8965079027819391,40.0,9.828009828009828,256,477,1
15,2022-07-05 05:00:00,Photos,239.0,316,Low,0.9130567162555288,-77.0,32.21757322175732,221,410,1
16,2022-07-06 03:08:00,Photos,215.0,256,Low,0.9397697981436091,-41.0,19.069767441860467,179,332,1
17,2022-07-06 05:51:00,Photos,207.0,300,Low,0.9502610243789152,-93.0,44.927536231884055,210,390,0
18,2022-07-06 19:00:00,Photos,254.0,329,Low,0.979450048462625,-75.0,29.527559055118108,230,427,1
19,2022-07-07 05:00:00,Photos,285.0,317,Low,0.9893852396030733,-32.0,11.228070175438596,221,412,1
20,2022-07-07 08:00:00,Photos,271.0,197,Low,0.9691463031739872,74.0,27.30627306273063,137,256,0
21,2022-07-07 09:00:00,Photos,831.0,198,Low,0.9691463031739872,633.0,76.17328519855594,138,257,0
22,2022-07-07 09:01:00,Photos,1094.0,769,Low,0.9509179027669427,325.0,29.70749542961609,538,999,0
23,2022-07-09 04:00:00,Videos,231.0,273,Low,0.7479072420992907,-42.0,18.181818181818183,191,354,1
24,2022-07-09 21:00:00,Photos,643.0,515,Low,0.878172567480331,128.0,19.906687402799378,360,669,1
25,2022-07-11 05:00:00,Videos,2426.0,2286,Medium,0.5721505870655625,140.0,5.7708161582852435,1600,2971,1
26,2022-07-13 05:00:00,Photos,316.0,353,Low,0.8769277619676872,-37.0,11.708860759493671,247,458,1
27,2022-07-14 04:00:00,Photos,287.0,384,Low,0.8788661384026265,-97.0,33.79790940766551,268,499,1
28,2022-07-15 00:28:00,Photos,424.0,298,Low,0.9084756935505185,126.0,29.71698113207547,208,387,0
29,2022-07-15 05:00:00,Photos,486.0,447,Low,0.8610632932142356,39.0,8.024691358024691,312,581,1
30,2022-07-15 22:00:00,Photos,731.0,581,Low,0.8386069874374431,150.0,20.51983584131327,406,755,1
31,2022-07-16 05:03:00,Videos,6514.0,281,Low,0.4980720074590416,6233.0,95.68621430764507,196,365,0
32,2022-07-17 03:00:00,Photos,472.0,499,Low,0.7623500602544699,-27.0,5.720338983050848,349,648,1
33,2022-07-18 04:00:00,Photos,653.0,516,Low,0.7756050880506171,137.0,20.980091883614087,361,670,1
34,2022-07-19 04:00:00,Photos,180.0,542,Low,0.7748599768717257,-362.0,201.11111111111111,379,704,0
35,2022-07-19 06:16:00,Videos,200.0,240,Low,0.8224022512120684,-40.0,20.0,168,312,1
36,2022-07-20 05:00:00,Videos,235.0,258,Low,0.8128595083460648,-23.0,9.787234042553191,180,335,1
37,2022-07-21 04:00:00,Photos,149.0,318,Low,0.8267957371973046,-169.0,113.42281879194631,222,413,0
38,2022-07-22 05:05:00,Photos,310.0,316,Low,0.8185676859486091,-6.0,1.935483870967742,221,410,1
39,2022-07-22 21:00:00,Videos,1818.0,357,Low,0.504478129435854,1461.0,80.36303630363037,249,464,0
40,2022-07-23 05:00:00,Videos,149.0,206,Low,0.8319065185102894,-57.0,38.25503355704698,144,267,1
41,2022-07-24 05:00:00,Photos,497.0,404,Low,0.898070990441771,93.0,18.712273641851105,282,525,1
42,2022-07-25 04:00:00,Videos,360.0,372,Low,0.8519022351632904,-12.0,3.3333333333333335,260,483,1
43,2022-07-26 04:00:00,Videos,865.0,315,Low,0.8924149425805438,550.0,63.58381502890174,220,409,0
44,2022-07-27 04:00:00,Videos,1071.0,736,Low,0.8727769830023423,335.0,31.279178338001866,515,956,0
45,2022-07-28 04:00:00,Photos,387.0,392,Low,0.9327623463974724,-5.0,1.2919896640826873,274,509,1
46,2022-07-29 05:05:00,Text,121.0,165,Low,0.9191333531508006,-44.0,36.36363636363637,115,214,1
47,2022-07-30 04:00:00,Photos,341.0,392,Low,0.9379523784102617,-51.0,14.95601173020528,274,509,1
48,2022-07-31 05:30:00,Text,102.0,95,Low,0.9361214042706778,7.0,6.862745098039216,66,123,1
49,2022-08-01 04:58:00,Videos,241.0,254,Low,0.8599908760173476,-13.0,5.394190871369295,177,330,1
50,2022-08-02 05:12:00,Videos,230.0,260,Low,0.9037391884157909,-30.0,13.043478260869565,182,338,1
51,2022-08-03 05:10:00,Text,89.0,94,Low,0.9482703953041625,-5.0,5.617977528089887,65,122,1
52,2022-08-04 04:30:00,Photos,633.0,512,Low,0.9750810329357954,121.0,19.11532385466035,358,665,1
53,2022-08-05 04:00:00,Photos,312.0,333,Low,0.932436097577888,-21.0,6.730769230769231,233,432,1
54,2022-08-06 04:30:00,Photos,591.0,463,Low,0.9631343282933024,128.0,21.658206429780034,324,601,1
55,2022-08-07 04:00:00,Photos,136.0,209,Low,0.9269999514420283,-73.0,53.67647058823529,146,271,0
56,2022-08-08 04:00:00,Photos,176.0,229,Low,0.9628137130440392,-53.0,30.113636363636363,160,297,1
57,2022-08-09 04:00:00,Photos,546.0,444,Low,0.9485869851133952,102.0,18.681318681318682,310,577,1
58,2022-08-10 05:05:00,Videos,408.0,353,Low,0.9447467398578998,55.0,13.480392156862745,247,458,1
59,2022-08-11 04:03:00,Text,88.0,93,Low,0.8876618931819822,-5.0,5.681818181818182,65,120,1
60,2022-08-12 07:31:00,Photos,63.0,296,Low,0.942162185933246,-233.0,369.8412698412699,207,384,0
61,2022-08-13 01:42:00,Photos,97.0,152,Low,0.9575872953329173,-55.0,56.70103092783505,106,197,0
62,2022-08-14 05:05:00,Photos,479.0,386,Low,0.9726697101652657,93.0,19.41544885177453,270,501,1
63,2022-08-15 04:00:00,Videos,579.0,497,Low,0.8694814764311807,82.0,14.162348877374784,347,646,1
64,2022-08-16 04:43:00,Videos,339.0,326,Low,0.8682758924136184,13.0,3.8348082595870205,228,423,1
65,2022-08-18 05:27:00,Videos,157.0,408,Low,0.8872853702393872,-251.0,159.87261146496817,285,530,0
66,2022-08-22 04:35:00,Videos,472.0,409,Low,0.8897381983596472,63.0,13.347457627118645,286,531,1
67,2022-08-26 04:00:00,Photos,399.0,380,Low,0.9070713483579088,19.0,4.761904761904762,266,494,1
68,2022-08-29 04:22:00,Videos,286.0,298,Low,0.8475611264232568,-12.0,4.195804195804196,208,387,1
69,2022-08-30 04:00:00,Videos,1358.0,1777,Medium,0.5066734019137246,-419.0,30.85419734904271,1243,2310,1
70,2022-09-24 04:00:00,Videos,1941.0,2009,Medium,0.6035910803218664,-68.0,3.503348789283874,1406,2611,1
71,2022-09-29 02:52:00,Photos,44.0,83,Low,0.8952227265385966,-39.0,88.63636363636364,58,107,0
72,2022-10-02 04:00:00,Photos,531.0,503,Low,0.8849702226183624,28.0,5.273069679849341,352,653,1
73,2022-10-08 04:20:00,Photos,762.0,614,Low,0.9090433190113089,148.0,19.42257217847769,429,798,1
74,2022-10-09 04:28:00,Videos,1142.0,621,Low,0.7094031023295448,521.0,45.62171628721541,434,807,0
75,2022-10-12 04:00:00,Videos,1552.0,595,Low,0.4801824133644257,957.0,61.662371134020624,416,773,0
76,2022-10-13 04:00:00,Photos,312.0,174,Low,0.9070025856910897,138.0,44.230769230769226,121,226,0
77,2022-10-14 04:01:00,Photos,172.0,230,Low,0.9009403242125811,-58.0,33.72093023255814,161,299,1
78,2022-10-15 04:00:00,Photos,811.0,707,Low,0.9399899712786532,104.0,12.82367447595561,494,919,1
79,2022-10-16 04:25:00,Photos,1005.0,800,Low,0.915580965082106,205.0,20.398009950248756,560,1040,1
80,2022-10-17 04:00:00,Videos,1092.0,902,Low,0.7241122305190211,190.0,17.399267399267398,631,1172,1
81,2022-10-20 03:59:00,Videos,54586.0,179,Low,0.7224746523192748,54407.0,99.67207708936357,125,232,0
82,2022-10-22 04:19:00,Videos,833.0,2895,Medium,0.4968640997191481,-2062.0,247.53901560624251,2026,3763,0
83,2022-10-30 04:18:00,Photos,580.0,2744,Medium,0.5344412642580335,-2164.0,373.1034482758621,1920,3567,0
84,2022-11-19 17:21:00,Videos,675.0,2653,Medium,0.4960890601168025,-1978.0,293.037037037037,1857,3448,0
85,2022-11-26 02:25:00,Photos,429.0,2161,Medium,0.49087766963519835,-1732.0,403.7296037296037,1512,2809,0
86,2022-12-01 02:00:00,Photos,1435.0,2135,Medium,0.4556932386384447,-700.0,48.78048780487805,1494,2775,0
87,2022-12-11 03:37:00,Videos,2044.0,2429,Medium,0.5093664134020227,-385.0,18.835616438356166,1700,3157,1
88,2022-12-31 02:14:00,Videos,1615.0,2674,Medium,0.49193752825323306,-1059.0,65.57275541795666,1871,3476,0
89,2023-01-21 03:25:00,Videos,1885.0,2016,Medium,0.5521297993172385,-131.0,6.949602122015914,1411,2620,1
90,2023-01-22 03:00:00,Photos,520.0,1937,Medium,0.47151471702150327,-1417.0,272.5,1355,2518,0
91,2023-02-08 08:19:00,Photos,565.0,2054,Medium,0.4536856439036969,-1489.0,263.53982300884957,1437,2670,0
92,2023-02-10 06:58:00,Links,440.0,2367,Medium,0.46719147281445034,-1927.0,437.9545454545455,1656,3077,0
93,2023-02-11 04:34:00,Photos,1541.0,1759,Medium,0.46280547681204437,-218.0,14.146658014276445,1231,2286,1
94,2023-02-14 01:24:00,Photos,1252.0,719,Low,0.4526554022004328,533.0,42.57188498402556,503,934,0
95,2023-02-14 05:52:00,Photos,381.0,402,Low,0.4342832292822989,-21.0,5.511811023622047,281,522,1
96,2023-02-16 04:04:00,Videos,1169.0,631,Low,0.6796331021380566,538.0,46.02224123182207,441,820,0
97,2023-02-18 01:48:00,Videos,243391.0,478,Low,0.6129080791694563,242913.0,99.80360818600523,334,621,0
98,2023-03-06 03:48:00,Photos,158.0,13557,High,0.5241812077801272,-13399.0,8480.379746835442,9489,17624,0
99,2023-03-11 21:00:00,Videos,70024.0,19034,High,0.4890264161835505,50990.0,72.81789100879699,13323,24744,0
100,2023-03-12 05:07:00,Photos,698.0,14812,High,0.5221519196240911,-14114.0,2022.0630372492838,10368,19255,0
101,2023-03-14 04:00:00,Videos,3068.0,15656,High,0.5372761108957329,-12588.0,410.2998696219035,10959,20352,0
102,2023-03-18 05:39:00,Videos,2914.0,19797,High,0.4829990830249353,-16883.0,579.3754289636239,13857,25736,0
103,2023-03-20 05:00:00,Photos,2191.0,11861,High,0.44273674456366613,-9670.0,441.3509812870835,8302,15419,0
104,2023-03-20 06:04:00,Photos,1091.0,2812,Medium,0.44201093326062946,-1721.0,157.74518790100825,1968,3655,0
105,2023-03-25 03:00:00,Photos,1199.0,3028,Medium,0.474961283119563,-1829.0,152.5437864887406,2119,3936,0
106,2023-03-27 05:08:00,Photos,474.0,2917,Medium,0.4849718650586354,-2443.0,515.4008438818565,2041,3792,0
107,2023-03-28 06:58:00,Reels,1201.0,2713,Medium,0.4366169932576872,-1512.0,125.89508742714403,1899,3526,0
108,2023-03-29 03:00:00,Photos,365.0,2673,Medium,0.4201104813207476,-2308.0,632.3287671232877,1871,3474,0
109,2023-03-30 08:00:00,Photos,236.0,363,Low,0.42982088845900834,-127.0,53.813559322033896,254,471,0
110,2023-03-30 09:00:00,Photos,1479.0,2675,Medium,0.44090373623039986,-1196.0,80.86544962812712,1872,3477,0
111,2023-03-30 09:32:00,Photos,711.0,541,Low,0.43633433239360636,170.0,23.90998593530239,378,703,0
112,2023-03-30 21:56:00,Videos,4565.0,2116,Medium,0.4938299781019965,2449.0,53.647316538882805,1481,2750,0
113,2023-03-31 05:11:00,Photos,2388.0,2811,Medium,0.4969761359597538,-423.0,17.713567839195978,1967,3654,1
114,2023-04-01 05:01:00,Photos,1531.0,2803,Medium,0.5804194828551377,-1272.0,83.08295231874592,1962,3643,0
115,2023-04-03 04:24:00,Videos,492.0,534,Low,0.5559171927668026,-42.0,8.536585365853659,373,694,1
116,2023-04-04 03:56:00,Videos,68178.0,968,Low,0.6385873413666432,67210.0,98.58018715714746,677,1258,0
117,2023-04-05 03:01:00,Videos,1220.0,16661,High,0.4710537454434403,-15441.0,1265.655737704918,11662,21659,0
118,2023-04-07 03:12:00,Videos,791.0,2867,Medium,0.49243602129442143,-2076.0,262.45259165613146,2006,3727,0
119,2023-04-08 03:06:00,Videos,1002.0,2948,Medium,0.5192609586737393,-1946.0,194.2115768463074,2063,3832,0
120,2023-04-09 03:19:00,Photos,1573.0,2290,Medium,0.45521339830376834,-717.0,45.58169103623649,1603,2977,0
121,2023-04-10 03:25:00,Videos,71711.0,2261,Medium,0.460030273675143,69450.0,96.84706669827501,1582,2939,0
122,2023-04-11 03:40:00,Photos,892.0,14491,High,0.5773852918848391,-13599.0,1524.5515695067265,10143,18838,0
123,2023-04-11 21:00:00,Photos,8386.0,14748,High,0.5426045844437989,-6362.0,75.86453613164798,10323,19172,0
124,2023-04-12 03:05:00,Videos,3745.0,17670,High,0.49343238889740454,-13925.0,371.8291054739653,12369,22971,0
125,2023-04-12 21:00:00,Photos,389.0,12176,High,0.5182242976842774,-11787.0,3030.077120822622,8523,15828,0
126,2023-04-13 03:25:00,Photos,4180.0,12905,High,0.5101255588631506,-8725.0,208.73205741626793,9033,16776,0
127,2023-04-13 06:10:00,Photos,1784.0,2971,Medium,0.5234840697556101,-1187.0,66.53587443946188,2079,3862,0
128,2023-04-14 05:00:00,Videos,6143.0,3118,Medium,0.5552621539250413,3025.0,49.2430408595149,2182,4053,0
129,2023-04-14 21:00:00,Photos,1818.0,3426,Medium,0.4704912824945505,-1608.0,88.44884488448845,2398,4453,0
130,2023-04-15 03:56:00,Videos,21083.0,3218,Medium,0.4817187415801726,17865.0,84.73651757340038,2252,4183,0
131,2023-04-15 21:04:00,Reels,2000.0,2710,Medium,0.5982935604687956,-710.0,35.5,1896,3523,1
132,2023-04-15 21:20:00,Photos,1433.0,2680,Medium,0.6039897540301311,-1247.0,87.02023726448012,1875,3484,0
133,2023-04-16 01:57:00,Videos,1534.0,2551,Medium,0.6291688350595024,-1017.0,66.29726205997393,1785,3316,0
134,2023-04-16 21:01:00,Videos,1502.0,2588,Medium,0.5670137344615519,-1086.0,72.30359520639148,1811,3364,0
135,2023-04-17 01:00:00,Videos,1330.0,2282,Medium,0.52025093692029,-952.0,71.57894736842105,1597,2966,0
136,2023-04-17 03:50:00,Photos,2722.0,2145,Medium,0.5858912322206067,577.0,21.197648787656135,1501,2788,1
137,2023-04-17 06:51:00,Links,479.0,506,Low,0.5051415680414633,-27.0,5.6367432150313155,354,657,1
138,2023-04-17 20:49:00,Videos,1722.0,1915,Medium,0.669379870021421,-193.0,11.207897793263646,1340,2489,1
139,2023-04-18 00:21:00,Text,2307.0,2689,Medium,0.5898994153908215,-382.0,16.558300823580407,1882,3495,1
140,2023-04-18 04:16:00,Videos,76310.0,2326,Medium,0.5994708820405277,73984.0,96.95190669637007,1628,3023,0
141,2023-04-18 20:00:00,Videos,1905.0,18367,High,0.48582621840097673,-16462.0,864.1469816272967,12856,23877,0
142,2023-04-19 00:01:00,Photos,671.0,14581,High,0.5060359386612169,-13910.0,2073.025335320417,10206,18955,0
143,2023-04-19 04:00:00,Videos,37451.0,17175,High,0.4755762214579341,20276.0,54.14007636645216,12022,22327,0
144,2023-04-19 06:37:00,Photos,2521.0,12652,High,0.4802787010160018,-10131.0,401.86433954779847,8856,16447,0
145,2023-04-19 20:00:00,Photos,2765.0,12796,High,0.48827340293638494,-10031.0,362.7848101265823,8957,16634,0
146,2023-04-20 01:00:00,Text,2811.0,2610,Medium,0.5281822312074042,201.0,7.150480256136606,1826,3393,1
147,2023-04-20 04:00:00,Videos,10356.0,2699,Medium,0.47936253268480544,7657.0,73.93781382773271,1889,3508,0
148,2023-04-20 20:00:00,Videos,1494.0,2636,Medium,0.6604231006276495,-1142.0,76.43908969210173,1845,3426,0
149,2023-04-21 00:00:00,Videos,2758.0,3014,Medium,0.6937277144390993,-256.0,9.282088469905728,2109,3918,1
150,2023-04-21 05:37:00,Photos,2479.0,3070,Medium,0.6517750028004272,-591.0,23.840258168616376,2149,3991,1
151,2023-04-21 20:00:00,Videos,22412.0,3389,Medium,0.49080351708779163,19023.0,84.87863644476174,2372,4405,0
152,2023-04-22 00:00:00,Videos,22088.0,2755,Medium,0.4915387389510773,19333.0,87.52716407098877,1928,3581,0
153,2023-04-22 04:08:00,Links,671.0,2869,Medium,0.44681560224589345,-2198.0,327.5707898658718,2008,3729,0
154,2023-04-22 06:00:00,Text,2490.0,2599,Medium,0.5171654110513646,-109.0,4.377510040160643,1819,3378,1
155,2023-04-22 20:00:00,Videos,3917.0,3391,Medium,0.6871091228826681,526.0,13.428644370691856,2373,4408,1
156,2023-04-23 00:00:00,Photos,20947.0,16303,High,0.48130346734282314,4644.0,22.170239175060868,11412,21193,1
157,2023-04-23 03:30:00,Photos,6225.0,4713,Medium,0.6720830363401004,1512.0,24.289156626506024,3299,6126,0
158,2023-04-23 20:00:00,Videos,5729.0,4293,Medium,0.6275949256671559,1436.0,25.06545644964217,3005,5580,0
159,2023-04-23 22:39:00,Videos,1620.0,1956,Medium,0.7176103354411122,-336.0,20.74074074074074,1369,2542,1
160,2023-04-24 01:30:00,Photos,525.0,2603,Medium,0.4623568995905344,-2078.0,395.8095238095238,1822,3383,0
161,2023-04-24 04:00:00,Videos,4921.0,2393,Medium,0.6100049716275029,2528.0,51.371672424304,1675,3110,0
162,2023-04-24 05:14:00,Photos,2410.0,2653,Medium,0.6133070273825616,-243.0,10.08298755186722,1857,3448,1
163,2023-04-24 20:00:00,Videos,2339.0,2392,Medium,0.6006952498086024,-53.0,2.2659256092347158,1674,3109,1
164,2023-04-24 22:30:00,Photos,3094.0,3149,Medium,0.6578623025574433,-55.0,1.777634130575307,2204,4093,1
165,2023-04-24 22:42:00,Photos,4811.0,3717,Medium,0.6687788890266819,1094.0,22.73955518603201,2601,4832,1
166,2023-04-25 20:00:00,Videos,23727.0,2772,Medium,0.4745138435030078,20955.0,88.31710709318497,1940,3603,0
167,2023-04-25 23:39:00,Photos,1049.0,2718,Medium,0.4043689438910944,-1669.0,159.10390848427073,1902,3533,0
168,2023-04-26 04:52:00,Photos,7137.0,2530,Medium,0.4442763894349324,4607.0,64.55093176404651,1771,3289,0
169,2023-04-26 07:00:00,Photos,1155.0,2736,Medium,0.41108725460432827,-1581.0,136.88311688311688,1915,3556,0
170,2023-04-26 21:00:00,Photos,2284.0,2399,Medium,0.5504237215372387,-115.0,5.035026269702277,1679,3118,1
171,2023-04-27 06:58:00,Photos,1075.0,2349,Medium,0.3980782657852177,-1274.0,118.51162790697674,1644,3053,0
172,2023-04-27 09:00:00,Photos,10198.0,11601,High,0.4379206776950306,-1403.0,13.757599529319474,8120,15081,1
173,2023-04-27 20:17:00,Videos,33916.0,2076,Medium,0.44117729604213074,31840.0,93.87899516452411,1453,2698,0
174,2023-04-27 23:09:00,Photos,28076.0,2875,Medium,0.4542697077920262,25201.0,89.75993731300755,2012,3737,0
175,2023-04-28 01:26:00,Photos,14714.0,13752,High,0.5784494265730332,962.0,6.5379910289520184,9626,17877,1
176,2023-04-28 05:03:00,Photos,2363.0,2558,Medium,0.5024493270801457,-195.0,8.252221752010156,1790,3325,1
177,2023-04-28 08:48:00,Photos,417.0,14278,High,0.4702732665859651,-13861.0,3323.980815347722,9994,18561,0
178,2023-04-28 20:00:00,Videos,79399.0,12107,High,0.6019145132061489,67292.0,84.75169712464893,8474,15739,0
179,2023-04-28 23:00:00,Photos,8274.0,14958,High,0.5975623769589263,-6684.0,80.78317621464831,10470,19445,0
180,2023-04-29 01:30:00,Photos,10683.0,14981,High,0.5300258745705864,-4298.0,40.23214452869045,10486,19475,1
181,2023-04-29 03:30:00,Photos,10831.0,15338,High,0.4960565642751258,-4507.0,41.612039516203495,10736,19939,1
182,2023-04-29 20:00:00,Videos,14248.0,13383,High,0.484486080650694,865.0,6.071027512633352,9368,17397,1
183,2023-04-29 22:30:00,Photos,3007.0,11924,High,0.4881011046130716,-8917.0,296.54140339208516,8346,15501,0
184,2023-04-30 00:00:00,Text,1382.0,12548,High,0.4771104294588723,-11166.0,807.959479015919,8783,16312,0
185,2023-04-30 04:00:00,Photos,3425.0,12264,High,0.467157468945828,-8839.0,258.0729927007299,8584,15943,0
186,2023-04-30 05:30:00,Photos,1978.0,3094,Medium,0.5693469161801924,-1116.0,56.4206268958544,2165,4022,0
187,2023-04-30 20:00:00,Videos,4480.0,3780,Medium,0.5670818945218916,700.0,15.625,2646,4914,1
188,2023-04-30 20:05:00,Photos,1543.0,2482,Medium,0.5658974118235329,-939.0,60.855476344782886,1737,3226,0
189,2023-04-30 22:30:00,Links,890.0,2626,Medium,0.42901710131572157,-1736.0,195.0561797752809,1838,3413,0
190,2023-05-01 03:30:00,Photos,2811.0,3087,Medium,0.5689261196328841,-276.0,9.818569903948772,2160,4013,1
191,2023-05-01 20:30:00,Photos,1964.0,2797,Medium,0.5555658726533586,-833.0,42.413441955193484,1957,3636,1
192,2023-05-01 23:54:00,Videos,290.0,2699,Medium,0.46151191950568043,-2409.0,830.6896551724138,1889,3508,0
193,2023-05-02 01:21:00,Photos,6593.0,2682,Medium,0.4640763615511269,3911.0,59.32049143030487,1877,3486,0
194,2023-05-02 03:28:00,Videos,21373.0,15624,High,0.3836758138387838,5749.0,26.898423244280167,10936,20311,0
195,2023-05-02 05:31:00,Photos,5275.0,2547,Medium,0.6609362443849356,2728.0,51.71563981042654,1782,3311,0
196,2023-05-02 20:30:00,Photos,2047.0,2323,Medium,0.7578102363043783,-276.0,13.48314606741573,1626,3019,1
197,2023-05-02 21:52:00,Videos,1354.0,1775,Medium,0.6751739756706701,-421.0,31.093057607090103,1242,2307,1
198,2023-05-03 03:00:00,Videos,7711.0,2460,Medium,0.46033955692337436,5251.0,68.09752301906367,1722,3198,0
199,2023-05-03 21:00:00,Photos,5376.0,3411,Medium,0.6232575871576228,1965.0,36.551339285714285,2387,4434,0
200,2023-05-04 01:39:00,Photos,9318.0,10941,High,0.4876071499987031,-1623.0,17.417900837089505,7658,14223,1
201,2023-05-04 02:43:00,Videos,4288.0,3693,Medium,0.6216916090554063,595.0,13.875932835820896,2585,4800,1
202,2023-05-04 04:04:00,Text,1012.0,3127,Medium,0.41515177047956564,-2115.0,208.99209486166006,2188,4065,0
203,2023-05-04 06:56:00,Videos,838.0,2758,Medium,0.418517911919145,-1920.0,229.11694510739858,1930,3585,0
204,2023-05-04 23:23:00,Text,1131.0,3016,Medium,0.3969122362270504,-1885.0,166.66666666666669,2111,3920,0
205,2023-05-05 01:20:00,Photos,1607.0,1697,Medium,0.5458976639436447,-90.0,5.600497822028625,1187,2206,1
206,2023-05-05 03:30:00,Videos,2602.0,1751,Medium,0.5975443299341258,851.0,32.70561106840892,1225,2276,0
207,2023-05-05 05:01:00,Photos,2181.0,2275,Medium,0.6346660562010981,-94.0,4.309949564419991,1592,2957,1
208,2023-05-05 19:44:00,Photos,5177.0,2361,Medium,0.7022917427258095,2816.0,54.394436932586444,1652,3069,0
209,2023-05-06 03:30:00,Videos,3985.0,3490,Medium,0.4961803353365069,495.0,12.421580928481808,2443,4537,1
210,2023-05-06 22:30:00,Videos,19866.0,3199,Medium,0.42171921347069613,16667.0,83.89711064129669,2239,4158,0
211,2023-05-07 03:44:00,Videos,2829.0,2563,Medium,0.7170347550868091,266.0,9.402615765288088,1794,3331,1
212,2023-05-07 20:30:00,Videos,17178.0,2071,Medium,0.5380424543799688,15107.0,87.94388170916288,1449,2692,0
213,2023-05-08 01:45:00,Photos,3614.0,3008,Medium,0.6850303926818146,606.0,16.768123962368566,2105,3910,1
214,2023-05-08 19:48:00,Photos,1583.0,1899,Medium,0.7492824229857108,-316.0,19.96209728363866,1329,2468,1
215,2023-05-08 23:50:00,Videos,236788.0,2802,Medium,0.568723313231207,233986.0,98.81666300657128,1961,3642,0
216,2023-05-09 20:38:00,Videos,76118.0,18361,High,0.5272537336089466,57757.0,75.87824167739562,12852,23869,0
217,2023-05-09 22:21:00,Photos,2713.0,15630,High,0.5404925325577326,-12917.0,476.1150018429783,10941,20319,0
218,2023-05-10 00:26:00,Videos,986.0,17651,High,0.5140735739285058,-16665.0,1690.1622718052738,12355,22946,0
219,2023-05-10 02:33:00,Photos,6919.0,12519,High,0.5618790215783247,-5600.0,80.93655152478682,8763,16274,0
220,2023-05-10 20:37:00,Videos,2075.0,12150,High,0.4814320136582409,-10075.0,485.5421686746988,8505,15795,0
221,2023-05-10 22:25:00,Photos,948.0,11925,High,0.4993371913384821,-10977.0,1157.9113924050632,8347,15502,0
222,2023-05-11 04:33:00,Videos,2228.0,3087,Medium,0.5118857290779599,-859.0,38.55475763016158,2160,4013,1
223,2023-05-11 19:14:00,Videos,1554.0,2838,Medium,0.47287933778084335,-1284.0,82.62548262548263,1986,3689,0
224,2023-05-12 01:16:00,Photos,13833.0,2886,Medium,0.3780766951429086,10947.0,79.13684667100412,2020,3751,0
225,2023-05-12 02:32:00,Text,1715.0,2386,Medium,0.44850479267027643,-671.0,39.12536443148688,1670,3101,1
226,2023-05-12 06:06:00,Photos,539.0,2870,Medium,0.4181844249885288,-2331.0,432.46753246753246,2008,3731,0
227,2023-05-12 20:30:00,Photos,1928.0,2786,Medium,0.47893128118898703,-858.0,44.502074688796675,1950,3621,0
228,2023-05-13 00:00:00,Photos,587.0,2725,Medium,0.41623749171520075,-2138.0,364.22487223168656,1907,3542,0
229,2023-05-13 03:31:00,Videos,604.0,671,Low,0.43908999016617395,-67.0,11.092715231788079,469,872,1
230,2023-05-13 08:41:00,Links,410.0,462,Low,0.4532955646190664,-52.0,12.682926829268293,323,600,1
231,2023-05-13 22:30:00,Photos,3781.0,3287,Medium,0.5190117575218514,494.0,13.06532663316583,2300,4273,1
232,2023-05-14 03:49:00,Videos,2513.0,2684,Medium,0.6367765498619747,-171.0,6.804615996816555,1878,3489,1
233,2023-05-14 21:08:00,Videos,9082.0,2526,Medium,0.49633009375099724,6556.0,72.18674300814799,1768,3283,0
234,2023-05-15 00:52:00,Photos,2317.0,2530,Medium,0.6428160916764221,-213.0,9.192921881743633,1771,3289,1
235,2023-05-15 03:56:00,Videos,5680.0,4172,Medium,0.5879572114026933,1508.0,26.549295774647884,2920,5423,0
236,2023-05-15 05:23:00,Photos,2117.0,2363,Medium,0.6117976625118569,-246.0,11.620217288615967,1654,3071,1
237,2023-05-15 21:32:00,Videos,2168.0,2430,Medium,0.6310142952249226,-262.0,12.084870848708487,1701,3159,1
238,2023-05-16 05:40:00,Photos,668.0,2643,Medium,0.4863987270171698,-1975.0,295.65868263473055,1850,3435,0
239,2023-05-16 20:59:00,Videos,1794.0,2022,Medium,0.5580681986184814,-228.0,12.709030100334449,1415,2628,1
240,2023-05-17 00:28:00,Photos,16229.0,2017,Medium,0.4230303420128195,14212.0,87.57163103087066,1411,2622,0
241,2023-05-17 05:26:00,Photos,1388.0,1675,Medium,0.6039761627238623,-287.0,20.67723342939481,1172,2177,1
242,2023-05-17 20:30:00,Videos,1115.0,2050,Medium,0.39658253193243276,-935.0,83.85650224215246,1435,2665,0
243,2023-05-17 23:07:00,Videos,1034.0,673,Low,0.43656199155781894,361.0,34.91295938104449,471,874,0
244,2023-05-18 01:30:00,Photos,416.0,587,Low,0.49172069505620913,-171.0,41.105769230769226,410,763,1
245,2023-05-18 04:35:00,Videos,929.0,781,Low,0.5720522342045489,148.0,15.931108719052745,546,1015,1
246,2023-05-18 20:30:00,Videos,8873.0,2214,Medium,0.3388423972114572,6659.0,75.04789811788572,1549,2878,0
247,2023-05-19 00:00:00,Photos,586.0,553,Low,0.4020178792491069,33.0,5.631399317406143,387,718,1
248,2023-05-19 03:30:00,Videos,740.0,2788,Medium,0.44751991390955886,-2048.0,276.7567567567568,1951,3624,0
249,2023-05-19 21:06:00,Videos,2797.0,2606,Medium,0.49289190767549435,191.0,6.828745084018592,1824,3387,1
250,2023-05-20 00:00:00,Videos,456.0,2833,Medium,0.44667910539485567,-2377.0,521.2719298245614,1983,3682,0
251,2023-05-20 03:30:00,Photos,3451.0,3163,Medium,0.5613429722486144,288.0,8.345407128368588,2214,4111,1
252,2023-05-21 01:24:00,Links,228.0,320,Low,0.4778722582134868,-92.0,40.35087719298245,224,416,1
253,2023-05-21 06:40:00,Videos,2167.0,2188,Medium,0.6426892950235421,-21.0,0.9690816797415782,1531,2844,1
254,2023-05-21 22:35:00,Videos,934.0,2637,Medium,0.5332708574821832,-1703.0,182.33404710920772,1845,3428,0
255,2023-05-22 01:21:00,Videos,3804.0,2292,Medium,0.5870593417789717,1512.0,39.74763406940063,1604,2979,0
256,2023-05-22 04:00:00,Photos,2955.0,2806,Medium,0.6743727344622232,149.0,5.042301184433164,1964,3647,1
257,2023-05-23 01:21:00,Photos,3710.0,2957,Medium,0.6232689828438275,753.0,20.296495956873315,2069,3844,1
258,2023-05-24 03:01:00,Photos,1105.0,2689,Medium,0.5055633753250568,-1584.0,143.34841628959276,1882,3495,0
259,2023-05-24 04:00:00,Videos,2430.0,2689,Medium,0.6850031717619519,-259.0,10.658436213991768,1882,3495,1
260,2023-05-24 23:47:00,Photos,1693.0,2093,Medium,0.6765748664458031,-400.0,23.626698168930893,1465,2720,1
261,2023-05-25 01:30:00,Photos,831.0,755,Low,0.6230249438114609,76.0,9.14560770156438,528,981,1
262,2023-05-25 04:12:00,Text,926.0,762,Low,0.6211644565193679,164.0,17.71058315334773,533,990,1
263,2023-05-25 21:06:00,Videos,2398.0,2242,Medium,0.5092072853817274,156.0,6.505421184320268,1569,2914,1
264,2023-05-26 05:04:00,Photos,30274.0,533,Low,0.3954978133430707,29741.0,98.23941335799697,373,692,0
265,2023-05-26 21:57:00,Photos,1479.0,1831,Medium,0.6606451179382793,-352.0,23.799864773495607,1281,2380,1
266,2023-05-27 03:30:00,Photos,573.0,2925,Medium,0.5909937179392444,-2352.0,410.4712041884817,2047,3802,0
267,2023-05-27 22:25:00,Photos,6301.0,4417,Medium,0.7170330684827985,1884.0,29.90001587049675,3091,5742,0
268,2023-05-28 04:25:00,Videos,4220.0,3514,Medium,0.5712893983013176,706.0,16.729857819905213,2459,4568,1
269,2023-05-29 01:17:00,Text,162.0,2909,Medium,0.441772301489746,-2747.0,1695.6790123456792,2036,3781,0
270,2023-05-29 04:00:00,Photos,283.0,558,Low,0.3957689922991294,-275.0,97.1731448763251,390,725,0
271,2023-05-30 02:31:00,Text,641.0,370,Low,0.5110890715632354,271.0,42.27769110764431,259,481,0
272,2023-05-31 03:22:00,Photos,321.0,369,Low,0.6608207741402319,-48.0,14.953271028037381,258,479,1
273,2023-06-01 00:26:00,Photos,297.0,334,Low,0.5498907357360604,-37.0,12.457912457912458,233,434,1
274,2023-06-01 02:21:00,Photos,14033.0,12671,High,0.4244120047514954,1362.0,9.705693721941138,8869,16472,1
275,2023-06-02 05:11:00,Videos,3065.0,2783,Medium,0.5707484979944072,282.0,9.200652528548124,1948,3617,1
276,2023-06-02 05:52:00,Photos,3265.0,3021,Medium,0.6006335876607976,244.0,7.473200612557427,2114,3927,1
277,2023-06-06 01:02:00,Photos,11506.0,13657,High,0.4014442055975321,-2151.0,18.69459412480445,9559,17754,1
278,2023-06-06 04:00:00,Photos,340.0,2954,Medium,0.43711033289977863,-2614.0,768.8235294117648,2067,3840,0
279,2023-06-07 01:48:00,Photos,736.0,2358,Medium,0.44705936871650187,-1622.0,220.3804347826087,1650,3065,0
280,2023-06-07 18:14:00,Photos,5120.0,2035,Medium,0.5811630900605792,3085.0,60.25390625,1424,2645,0
281,2023-06-08 20:30:00,Videos,39150.0,20650,High,0.42934106764547875,18500.0,47.254150702426564,14454,26845,0
282,2023-06-09 02:54:00,Photos,2071.0,2261,Medium,0.7358641943891351,-190.0,9.174311926605505,1582,2939,1
283,2023-06-09 20:30:00,Videos,1577.0,1796,Medium,0.7670003314418323,-219.0,13.88712745719721,1257,2334,1
284,2023-06-10 00:24:00,Photos,2790.0,2799,Medium,0.7994621405938518,-9.0,0.3225806451612903,1959,3638,1
285,2023-06-10 04:27:00,Videos,793.0,2464,Medium,0.5517987297746537,-1671.0,210.718789407314,1724,3203,0
286,2023-06-10 20:53:00,Photos,1714.0,2109,Medium,0.7001079674811005,-395.0,23.045507584597434,1476,2741,1
287,2023-06-11 04:16:00,Videos,2429.0,2200,Medium,0.7729883919053628,229.0,9.427748044462742,1540,2860,1
288,2023-06-12 01:45:00,Photos,2039.0,2197,Medium,0.6560823973026457,-158.0,7.748896517900931,1537,2856,1
289,2023-06-13 02:25:00,Videos,2304.0,2881,Medium,0.5852933113985835,-577.0,25.04340277777778,2016,3745,1
290,2023-06-13 04:51:00,Photos,566.0,3051,Medium,0.45207654172796924,-2485.0,439.0459363957597,2135,3966,0
291,2023-06-14 03:24:00,Photos,547.0,2226,Medium,0.5300938409491522,-1679.0,306.9469835466179,1558,2893,0
292,2023-06-14 07:05:00,Photos,2412.0,2212,Medium,0.6644393662015119,200.0,8.291873963515755,1548,2875,1
293,2023-06-16 04:25:00,Photos,2602.0,2389,Medium,0.6961146183971872,213.0,8.186010760953113,1672,3105,1
294,2023-06-17 22:41:00,Photos,1474.0,2036,Medium,0.7383959405966678,-562.0,38.12754409769335,1425,2646,1
295,2023-06-18 04:45:00,Photos,5963.0,4433,Medium,0.7726901588682393,1530.0,25.658225725306057,3103,5762,0
296,2023-06-19 21:13:00,Videos,340.0,562,Low,0.552511935002842,-222.0,65.29411764705883,393,730,0
297,2023-06-20 03:51:00,Photos,742.0,527,Low,0.5733361930108009,215.0,28.975741239892184,368,685,0
298,2023-06-20 05:56:00,Photos,10988.0,514,Low,0.5442970982447133,10474.0,95.32216963960684,359,668,0
299,2023-06-22 03:33:00,Videos,2340.0,2513,Medium,0.6510293744678853,-173.0,7.3931623931623935,1759,3266,1
300,2023-06-22 19:59:00,Photos,1696.0,2011,Medium,0.6068171518221652,-315.0,18.57311320754717,1407,2614,1
301,2023-06-22 22:33:00,Photos,1255.0,2232,Medium,0.5588186485663164,-977.0,77.84860557768924,1562,2901,0
302,2023-06-23 00:32:00,Photos,1503.0,1644,Medium,0.6195499966454857,-141.0,9.3812375249501,1150,2137,1
303,2023-06-23 04:28:00,Videos,1428.0,1669,Medium,0.6258826504867501,-241.0,16.876750700280112,1168,2169,1
304,2023-06-23 23:03:00,Text,2600.0,2453,Medium,0.611750067187364,147.0,5.653846153846153,1717,3188,1
305,2023-06-24 02:09:00,Photos,1422.0,2059,Medium,0.6690619884872406,-637.0,44.79606188466948,1441,2676,0
306,2023-06-25 01:43:00,Videos,2212.0,2526,Medium,0.73155375261379,-314.0,14.195298372513562,1768,3283,1
307,2023-06-25 06:36:00,Photos,3399.0,3461,Medium,0.7648442889077748,-62.0,1.8240659017358045,2422,4499,1
308,2023-06-26 21:18:00,Videos,2237.0,2444,Medium,0.6869361155964009,-207.0,9.253464461332142,1710,3177,1
309,2023-06-27 00:45:00,Photos,5447.0,4384,Medium,0.6264385988133749,1063.0,19.51532953919589,3068,5699,1
310,2023-06-27 03:57:00,Photos,6353.0,11034,High,0.44165798639502646,-4681.0,73.6817251692114,7723,14344,0
311,2023-06-27 21:00:00,Videos,1528.0,2186,Medium,0.5342749936928831,-658.0,43.06282722513089,1530,2841,0
312,2023-07-02 04:27:00,Photos,0.0,582,Low,0.3831592954923515,-582.0,0.0,407,756,0
313,2023-07-03 02:36:00,Photos,0.0,517,Low,0.6120536195968242,-517.0,0.0,361,672,0
314,2023-07-03 20:31:00,Text,0.0,406,Low,0.6542132049952768,-406.0,0.0,284,527,0
315,2023-07-04 04:00:00,Photos,0.0,245,Low,0.7923824747433826,-245.0,0.0,171,318,0
316,2023-07-06 03:41:00,Photos,0.0,235,Low,0.7219315985813262,-235.0,0.0,164,305,0
317,2023-07-06 06:43:00,Photos,0.0,145,Low,0.7521230263798028,-145.0,0.0,101,188,0
318,2023-07-06 07:16:00,Photos,0.0,137,Low,0.8405100506138248,-137.0,0.0,95,178,0
319,2023-07-07 02:52:00,Photos,0.0,89,Low,0.9873548528327728,-89.0,0.0,62,115,0
320,2023-07-07 04:20:00,Photos,0.0,91,Low,0.9873548528327728,-91.0,0.0,63,118,0
321,2023-07-09 01:11:00,Videos,0.0,99,Low,0.9238022485676342,-99.0,0.0,69,128,0
322,2023-07-09 04:44:00,Photos,0.0,125,Low,0.9536772985052397,-125.0,0.0,87,162,0
323,2023-07-11 03:00:00,Photos,0.0,65,Low,0.9722023877344006,-65.0,0.0,45,84,0
324,2023-07-12 03:13:00,Photos,0.0,72,Low,0.9757914779851785,-72.0,0.0,50,93,0
325,2023-07-13 04:21:00,Photos,0.0,62,Low,0.8866871261052723,-62.0,0.0,43,80,0
326,2023-07-14 00:52:00,Photos,0.0,56,Low,0.9968688904841325,-56.0,0.0,39,72,0
327,2023-07-14 03:34:00,Photos,0.0,66,Low,0.9994884866711209,-66.0,0.0,46,85,0
328,2023-07-14 08:25:00,Photos,0.0,73,Low,0.9985182164008505,-73.0,0.0,51,94,0
329,2023-07-15 03:34:00,Photos,0.0,82,Low,0.9994884866711209,-82.0,0.0,57,106,0
330,2023-07-15 20:02:00,Photos,0.0,56,Low,0.9994884866711208,-56.0,0.0,39,72,0
331,2023-07-16 06:43:00,Photos,0.0,106,Low,0.9994884866711208,-106.0,0.0,74,137,0
332,2023-07-16 22:36:00,Photos,0.0,61,Low,0.9979041971742099,-61.0,0.0,42,79,0
333,2023-07-18 03:55:00,Photos,0.0,44,Low,0.9994884866711209,-44.0,0.0,30,57,0
334,2023-07-19 02:03:00,Photos,0.0,48,Low,0.9994884866711209,-48.0,0.0,33,62,0
335,2023-07-19 03:32:00,Videos,0.0,44,Low,0.985349510028213,-44.0,0.0,30,57,0
336,2023-07-20 04:42:00,Photos,0.0,45,Low,0.8993448234981267,-45.0,0.0,31,58,0
337,2023-07-20 21:38:00,Videos,0.0,34,Low,0.880205846855219,-34.0,0.0,23,44,0
338,2023-07-21 03:00:00,Photos,0.0,66,Low,0.9994884866711209,-66.0,0.0,46,85,0
339,2023-07-23 00:52:00,Photos,0.0,76,Low,0.9968688904841325,-76.0,0.0,53,98,0
340,2023-07-23 04:00:00,Photos,0.0,95,Low,0.9994884866711209,-95.0,0.0,66,123,0
341,2023-07-23 21:32:00,Videos,0.0,58,Low,0.9759474350771079,-58.0,0.0,40,75,0
342,2023-07-24 04:00:00,Photos,0.0,51,Low,0.9672052138083888,-51.0,0.0,35,66,0
343,2023-07-26 04:22:00,Photos,0.0,50,Low,0.9994884866711208,-50.0,0.0,35,65,0
344,2023-07-27 01:23:00,Photos,0.0,39,Low,0.8993448234981267,-39.0,0.0,27,50,0
345,2023-07-27 23:50:00,Photos,0.0,38,Low,0.8967902637309456,-38.0,0.0,26,49,0
346,2023-07-30 04:00:00,Photos,0.0,92,Low,0.9980781432061636,-92.0,0.0,64,119,0
347,2023-08-04 05:12:00,Photos,0.0,69,Low,0.9701948869571617,-69.0,0.0,48,89,0
348,2023-08-06 06:38:00,Photos,0.0,115,Low,0.9944626605020502,-115.0,0.0,80,149,0
349,2023-08-09 02:40:00,Photos,0.0,48,Low,0.9994884866711208,-48.0,0.0,33,62,0
350,2023-08-11 04:00:00,Photos,0.0,66,Low,0.9994884866711209,-66.0,0.0,46,85,0
351,2023-08-12 03:05:00,Photos,0.0,80,Low,0.9994884866711208,-80.0,0.0,56,104,0
352,2023-08-14 00:42:00,Text,0.0,15,Low,0.9675375947614482,-15.0,0.0,10,19,0
353,2023-08-14 03:00:00,Photos,0.0,51,Low,0.9672052138083886,-51.0,0.0,35,66,0
354,2023-08-16 21:00:00,Videos,0.0,34,Low,0.985349510028213,-34.0,0.0,23,44,0
355,2023-08-17 03:00:00,Photos,0.0,45,Low,0.8993448234981267,-45.0,0.0,31,58,0
356,2023-08-19 02:47:00,Photos,0.0,80,Low,0.9994884866711208,-80.0,0.0,56,104,0
357,2023-08-19 20:53:00,Photos,0.0,56,Low,0.9994884866711209,-56.0,0.0,39,72,0
358,2023-08-20 03:29:00,Videos,0.0,79,Low,0.9792893021819655,-79.0,0.0,55,102,0
359,2023-08-26 02:51:00,Photos,0.0,80,Low,0.9994884866711209,-80.0,0.0,56,104,0
360,2023-08-31 06:26:00,Photos,0.0,47,Low,0.8969642097628993,-47.0,0.0,32,61,0
361,2023-09-01 08:14:00,Photos,0.0,78,Low,0.9231358088220983,-78.0,0.0,54,101,0
362,2023-09-06 06:22:00,Text,0.0,17,Low,0.9914132873749766,-17.0,0.0,11,22,0
363,2023-09-07 21:51:00,Photos,0.0,39,Low,0.8993448234981267,-39.0,0.0,27,50,0
364,2023-09-08 03:00:00,Photos,0.0,65,Low,0.9994884866711208,-65.0,0.0,45,84,0
365,2023-09-08 03:00:00,Photos,0.0,65,Low,0.9994884866711209,-65.0,0.0,45,84,0
366,2023-09-08 03:06:00,Photos,0.0,65,Low,0.9994884866711209,-65.0,0.0,45,84,0
367,2023-09-09 00:29:00,Photos,0.0,65,Low,0.9968688904841325,-65.0,0.0,45,84,0
368,2023-09-09 03:00:00,Photos,0.0,81,Low,0.9994884866711209,-81.0,0.0,56,105,0
369,2023-09-09 20:05:00,Videos,0.0,48,Low,0.9828932995304385,-48.0,0.0,33,62,0
370,2023-09-10 00:00:00,Photos,0.0,76,Low,0.9968688904841325,-76.0,0.0,53,98,0
371,2023-09-10 02:24:00,Photos,0.0,92,Low,0.9994884866711209,-92.0,0.0,64,119,0
372,2023-09-10 20:52:00,Photos,0.0,61,Low,0.9994884866711208,-61.0,0.0,42,79,0
373,2023-09-11 00:01:00,Photos,0.0,44,Low,0.9658461513292655,-44.0,0.0,30,57,0
374,2023-09-11 03:58:00,Videos,0.0,39,Low,0.9563322420011725,-39.0,0.0,27,50,0
375,2023-09-12 04:00:00,Photos,0.0,43,Low,0.9994884866711209,-43.0,0.0,30,55,0
376,2023-09-12 10:24:00,Text,0.0,14,Low,0.9985182164008505,-14.0,0.0,9,18,0
377,2023-09-12 11:07:00,Photos,0.0,45,Low,0.9985182164008505,-45.0,0.0,31,58,0
378,2023-09-12 20:42:00,Photos,0.0,46,Low,0.9994884866711209,-46.0,0.0,32,59,0
379,2023-09-13 00:28:00,Photos,0.0,54,Low,0.9968688904841325,-54.0,0.0,37,70,0
380,2023-09-13 03:00:00,Photos,0.0,62,Low,0.9994884866711209,-62.0,0.0,43,80,0
381,2023-09-13 21:00:00,Photos,0.0,50,Low,0.9994884866711209,-50.0,0.0,35,65,0
382,2023-09-14 00:40:00,Photos,0.0,50,Low,0.8986521500907934,-50.0,0.0,35,65,0
383,2023-09-14 04:14:00,Videos,0.0,51,Low,0.885205846855219,-51.0,0.0,35,66,0
384,2023-09-14 21:36:00,Videos,0.0,34,Low,0.880205846855219,-34.0,0.0,23,44,0
385,2023-09-15 03:00:00,Photos,0.0,66,Low,0.9994884866711208,-66.0,0.0,46,85,0
386,2023-09-15 22:09:00,Photos,0.0,49,Low,0.9979041971742099,-49.0,0.0,34,63,0
387,2023-09-16 19:58:00,Photos,0.0,55,Low,0.9994884866711208,-55.0,0.0,38,71,0
388,2023-09-17 00:41:00,Photos,0.0,77,Low,0.9968688904841325,-77.0,0.0,53,100,0
389,2023-09-17 03:58:00,Photos,0.0,95,Low,0.9994884866711208,-95.0,0.0,66,123,0
390,2023-09-17 21:59:00,Photos,0.0,61,Low,0.9994884866711208,-61.0,0.0,42,79,0
391,2023-09-18 01:09:00,Photos,0.0,44,Low,0.9672052138083888,-44.0,0.0,30,57,0
392,2023-09-18 06:01:00,Photos,0.0,54,Low,0.960810207446185,-54.0,0.0,37,70,0
393,2023-09-18 20:01:00,Photos,0.0,41,Low,0.9669021970316508,-41.0,0.0,28,53,0
394,2023-09-19 00:00:00,Photos,0.0,38,Low,0.9968688904841325,-38.0,0.0,26,49,0
395,2023-09-19 03:00:00,Photos,0.0,44,Low,0.9994884866711208,-44.0,0.0,30,57,0
396,2023-09-19 20:45:00,Photos,0.0,38,Low,0.9994884866711209,-38.0,0.0,26,49,0
397,2023-09-20 02:39:00,Photos,0.0,47,Low,0.9994884866711208,-47.0,0.0,32,61,0
398,2023-09-20 20:30:00,Photos,0.0,41,Low,0.9994884866711208,-41.0,0.0,28,53,0
399,2023-09-21 01:08:00,Photos,0.0,40,Low,0.8993448234981267,-40.0,0.0,28,52,0
400,2023-09-21 06:33:00,Photos,0.0,48,Low,0.8983745532278564,-48.0,0.0,33,62,0
401,2023-09-21 09:12:00,Photos,0.0,40,Low,0.8983745532278564,-40.0,0.0,28,52,0
402,2023-09-21 19:03:00,Photos,0.0,37,Low,0.8993448234981267,-37.0,0.0,25,48,0
403,2023-09-22 00:11:00,Photos,0.0,56,Low,0.9968688904841325,-56.0,0.0,39,72,0
404,2023-09-22 20:22:00,Photos,0.0,48,Low,0.9994884866711208,-48.0,0.0,33,62,0
405,2023-09-23 21:08:00,Videos,0.0,46,Low,0.9803495100282131,-46.0,0.0,32,59,0
406,2023-09-24 04:25:00,Links,0.0,72,Low,0.995714903028695,-72.0,0.0,50,93,0
407,2023-09-24 20:12:00,Videos,0.0,52,Low,0.9792893021819655,-52.0,0.0,36,67,0
408,2023-09-26 03:15:00,Videos,0.0,44,Low,0.9807172043899262,-44.0,0.0,30,57,0
409,2023-09-26 23:00:00,Photos,0.0,39,Low,0.9969339269039397,-39.0,0.0,27,50,0
410,2023-09-27 03:14:00,Videos,0.0,41,Low,0.980349510028213,-41.0,0.0,28,53,0
411,2023-09-27 22:20:00,Photos,0.0,40,Low,0.99790419717421,-40.0,0.0,28,52,0
412,2023-09-28 02:24:00,Videos,0.0,35,Low,0.885205846855219,-35.0,0.0,24,45,0
413,2023-09-29 04:20:00,Videos,0.0,54,Low,0.985349510028213,-54.0,0.0,37,70,0
414,2023-09-30 00:26:00,Photos,0.0,64,Low,0.9954585470191754,-64.0,0.0,44,83,0
415,2023-09-30 03:57:00,Videos,0.0,66,Low,0.978939166563256,-66.0,0.0,46,85,0
416,2023-09-30 21:27:00,Videos,0.0,47,Low,0.9789391665632559,-47.0,0.0,32,61,0
417,2023-10-01 03:00:00,Photos,0.0,173,Low,0.8649006188036804,-173.0,0.0,121,224,0
418,2023-10-02 05:02:00,Photos,20759.0,73,Low,0.7956781341583569,20686.0,99.64834529601619,51,94,0
419,2023-10-03 00:23:00,Photos,14803.0,15079,High,0.6052412344269522,-276.0,1.8644869283253394,10555,19602,1
420,2023-10-03 21:41:00,Videos,6057.0,3535,Medium,0.5156645214792315,2522.0,41.63777447581311,2474,4595,0
421,2023-10-04 00:35:00,Photos,14248.0,14587,High,0.8667035367725862,-339.0,2.379281302638967,10210,18963,1
422,2023-10-05 00:05:00,Photos,9364.0,12134,High,0.8389058139229537,-2770.0,29.58137548056386,8493,15774,1
423,2023-10-05 03:31:00,Videos,7996.0,12423,High,0.7589173128110223,-4427.0,55.36518259129565,8696,16149,0
424,2023-10-07 21:21:00,Photos,209872.0,10834,High,0.5073825255694588,199038.0,94.8378059007395,7583,14084,0
425,2023-10-09 02:58:00,Videos,5956.0,2593,Medium,0.5083400089674768,3363.0,56.46406984553391,1815,3370,0
426,2023-10-09 06:04:00,Photos,11254.0,15609,High,0.50722564143471,-4355.0,38.69735205260352,10926,20291,1
427,2023-10-10 02:32:00,Videos,79494.0,18306,High,0.5177381192081346,61188.0,76.97184693184391,12814,23797,0
428,2023-10-11 01:57:00,Videos,5437.0,17154,High,0.5195656921052111,-11717.0,215.50487401140336,12007,22300,0
429,2023-10-12 03:48:00,Videos,5809.0,16123,High,0.5174847004131798,-10314.0,177.552074367361,11286,20959,0
430,2023-10-12 04:11:00,Photos,12474.0,14035,High,0.5566367741896093,-1561.0,12.514029180695848,9824,18245,1
431,2023-10-13 04:53:00,Photos,23668.0,11867,High,0.6072609300305803,11801.0,49.86057123542336,8306,15427,0
432,2023-10-15 03:37:00,Videos,14850.0,15542,High,0.563009840748738,-692.0,4.65993265993266,10879,20204,1
433,2023-10-16 03:00:00,Photos,8709.0,12720,High,0.592104713668578,-4011.0,46.05580434033758,8904,16536,0
434,2023-10-18 00:30:00,Photos,15219.0,13823,High,0.6296960930370596,1396.0,9.172744595571325,9676,17969,1
435,2023-10-18 05:01:00,Videos,29046.0,18213,High,0.6582544785397179,10833.0,37.29601322040901,12749,23676,0
436,2023-10-18 20:28:00,Photos,32833.0,20193,High,0.7190195981709541,12640.0,38.497852770078886,14135,26250,0
437,2023-10-20 03:56:00,Photos,14076.0,12819,High,0.7256782948183299,1257.0,8.930093776641092,8973,16664,1
438,2023-10-21 00:37:00,Photos,18694.0,13646,High,0.6288155186603145,5048.0,27.003316572162188,9552,17739,0
439,2023-10-21 02:40:00,Photos,18898.0,16966,High,0.7010219680927583,1932.0,10.223304053338978,11876,22055,1
440,2023-10-21 20:10:00,Photos,9219.0,13746,High,0.6756784234619816,-4527.0,49.105109013992845,9622,17869,0
441,2023-10-21 23:30:00,Photos,36198.0,20206,High,0.705456048260243,15992.0,44.17923642190176,14144,26267,0
442,2023-10-24 02:53:00,Photos,12305.0,13541,High,0.8639590150221673,-1236.0,10.04469727752946,9478,17603,1
443,2023-10-25 04:32:00,Photos,16785.0,15443,High,0.8573203604487923,1342.0,7.995233839737861,10810,20075,1
444,2023-10-27 03:06:00,Photos,31553.0,17548,High,0.8716311424008292,14005.0,44.38563686495737,12283,22812,0
445,2023-10-27 18:55:00,Photos,33049.0,20489,High,0.8346073201684767,12560.0,38.004175618021726,14342,26635,0
446,2023-10-29 03:29:00,Photos,31553.0,19861,High,0.8725788585117901,11692.0,37.055113618356415,13902,25819,0
447,2023-10-31 05:46:00,Photos,27184.0,20044,High,0.774522042549188,7140.0,26.265450264861684,14030,26057,0
448,2023-11-03 03:00:00,Photos,29717.0,23421,High,0.8116733269225604,6296.0,21.186526230776998,16394,30447,1
449,2023-11-05 03:48:00,Photos,22347.0,21141,High,0.8245938446980687,1206.0,5.396697543294402,14798,27483,1
450,2023-11-06 02:50:00,Photos,10227.0,14928,High,0.6919821565830546,-4701.0,45.96655910824289,10449,19406,0
451,2023-11-07 05:27:00,Videos,7290.0,11931,High,0.8039337630659134,-4641.0,63.66255144032922,8351,15510,0
452,2023-11-08 04:24:00,Photos,15789.0,20887,High,0.8318589744516693,-5098.0,32.2883019823928,14620,27153,1
453,2023-11-11 02:41:00,Videos,26509.0,23474,High,0.7547073446374862,3035.0,11.448941868799276,16431,30516,1
454,2023-11-13 02:00:00,Photos,18616.0,19755,High,0.7099879015350139,-1139.0,6.118392780403954,13828,25681,1
455,2023-11-15 02:20:00,Photos,18367.0,22949,High,0.7875554323266336,-4582.0,24.94691566396254,16064,29833,1
456,2023-11-15 23:00:00,Photos,143118.0,20135,High,0.754956985269608,122983.0,85.93118964770329,14094,26175,0
457,2023-11-17 02:31:00,Photos,6591.0,16538,High,0.5525611107396936,-9947.0,150.91791837353966,11576,21499,0
458,2023-11-17 03:25:00,Text,0.0,13863,High,0.4969264437287499,-13863.0,0.0,9704,18021,0
459,2023-11-17 04:00:00,Photos,8856.0,15911,High,0.5315345127381801,-7055.0,79.66350496838301,11137,20684,0
460,2023-11-18 02:37:00,Photos,7892.0,17179,High,0.45686186128251693,-9287.0,117.67612772427776,12025,22332,0
461,2023-11-19 04:05:00,Photos,8359.0,15858,High,0.4983310387445494,-7499.0,89.71168800095705,11100,20615,0
462,2023-11-22 02:00:00,Photos,18681.0,17932,High,0.47014767578752426,749.0,4.009421337187517,12552,23311,1
463,2023-11-23 08:13:00,Photos,17837.0,15498,High,0.49072867493904115,2339.0,13.113191680215284,10848,20147,1
464,2023-11-23 23:15:00,Videos,11184.0,19327,High,0.5903668405496942,-8143.0,72.80937052932761,13528,25125,0
465,2023-11-24 03:01:00,Photos,18213.0,19319,High,0.5626917419835065,-1106.0,6.072585515840334,13523,25114,1
466,2023-11-25 01:17:00,Photos,19681.0,19962,High,0.5536254801678587,-281.0,1.427772979015294,13973,25950,1
467,2023-11-26 00:03:00,Videos,7964.0,11118,High,0.6541259324678983,-3154.0,39.60321446509292,7782,14453,1
468,2023-11-28 02:00:00,Photos,21399.0,21302,High,0.619980000786681,97.0,0.4532922099163512,14911,27692,1
469,2023-11-28 22:13:00,Photos,68144.0,17584,High,0.6109616199632714,50560.0,74.19582061516789,12308,22859,0
470,2023-11-29 03:00:00,Videos,8383.0,18797,High,0.532789610148701,-10414.0,124.22760348323989,13157,24436,0
471,2023-11-29 22:23:00,Photos,11149.0,17190,High,0.5203661630042661,-6041.0,54.18423176966544,12033,22347,0
472,2023-11-30 02:30:00,Photos,28044.0,14997,High,0.5730895361026294,13047.0,46.52332049636286,10497,19496,0
473,2023-12-01 22:00:00,Photos,7736.0,13298,High,0.572409939006554,-5562.0,71.89762150982419,9308,17287,0
474,2023-12-02 03:41:00,Photos,173804.0,18801,High,0.5429626247155406,155003.0,89.18264251685807,13160,24441,0
475,2023-12-03 02:30:00,Photos,38623.0,16262,High,0.5352745642784277,22361.0,57.89555446236698,11383,21140,0
476,2023-12-04 23:08:00,Photos,27020.0,16984,High,0.4879160662804617,10036.0,37.142857142857146,11888,22079,0
477,2023-12-08 01:59:00,Photos,20737.0,16046,High,0.5516135035406292,4691.0,22.62140135988812,11232,20859,1
478,2023-12-16 21:12:00,Text,58315.0,14530,High,0.46687812153542896,43785.0,75.08359770213495,10171,18889,0
479,2023-12-24 22:56:00,Photos,21616.0,15314,High,0.5266163561891924,6302.0,29.15433012583272,10719,19908,0
480,2024-01-01 04:54:00,Photos,1321.0,2432,Medium,0.4321412655293369,-1111.0,84.10295230885693,1702,3161,0
481,2024-01-02 19:19:00,Photos,209.0,15110,High,0.4175852298930659,-14901.0,7129.665071770334,10577,19643,0
482,2024-01-03 04:45:00,Photos,1228.0,15346,High,0.36378194505949774,-14118.0,1149.6742671009772,10742,19949,0
483,2024-01-04 02:40:00,Photos,2375.0,2698,Medium,0.39735590679459726,-323.0,13.600000000000001,1888,3507,1
484,2024-01-11 03:09:00,Photos,611.0,2950,Medium,0.42559091404977745,-2339.0,382.8150572831424,2065,3835,0
485,2024-01-12 02:14:00,Videos,6710.0,12793,High,0.43375368165312783,-6083.0,90.65573770491804,8955,16630,0
486,2024-01-14 19:47:00,Photos,594.0,577,Low,0.5236053355192872,17.0,2.861952861952862,403,750,1
487,2024-01-15 02:32:00,Photos,871.0,741,Low,0.6432937381910532,130.0,14.925373134328357,518,963,1
488,2024-01-18 03:57:00,Photos,764.0,239,Low,0.6373660815917976,525.0,68.717277486911,167,310,0
489,2024-01-22 01:27:00,Photos,1079.0,787,Low,0.6833131327058958,292.0,27.06209453197405,550,1023,0
490,2024-01-22 19:57:00,Photos,341.0,493,Low,0.7076989483114181,-152.0,44.57478005865102,345,640,0
491,2024-01-24 02:43:00,Photos,1749.0,529,Low,0.438106038603337,1220.0,69.75414522584333,370,687,0
492,2024-01-25 05:59:00,Photos,436.0,211,Low,0.555265567574983,225.0,51.60550458715596,147,274,0
493,2024-01-28 03:52:00,Videos,4563.0,3572,Medium,0.6198924428033961,991.0,21.71816787201403,2500,4643,1
494,2024-01-29 02:21:00,Photos,1262.0,880,Low,0.7566280799463372,382.0,30.269413629160063,616,1144,0
495,2024-01-30 02:24:00,Photos,1135.0,607,Low,0.7855794954754022,528.0,46.519823788546255,424,789,0
496,2024-02-01 02:16:00,Photos,1242.0,279,Low,0.6000684113534749,963.0,77.53623188405797,195,362,0
497,2024-02-02 22:39:00,Videos,1008.0,797,Low,0.6162903695184785,211.0,20.932539682539684,557,1036,1
498,2024-02-04 02:23:00,Photos,2591.0,2326,Medium,0.6591135960698931,265.0,10.227711308375145,1628,3023,1
499,2024-02-04 23:01:00,Text,4286.0,3276,Medium,0.7312729055608007,1010.0,23.565095660289316,2293,4258,0
500,2024-02-10 03:00:00,Links,705.0,650,Low,0.6879814660989311,55.0,7.801418439716312,454,845,1
501,2024-02-13 02:00:00,Photos,778.0,639,Low,0.7043570281416565,139.0,17.866323907455012,447,830,1
502,2024-02-18 02:06:00,Photos,2477.0,2652,Medium,0.7001288065390269,-175.0,7.064997981429149,1856,3447,1
503,2024-02-20 06:02:00,Videos,187.0,278,Low,0.7335583110697149,-91.0,48.663101604278076,194,361,0
504,2024-02-23 02:27:00,Videos,482.0,495,Low,0.5915512842803422,-13.0,2.6970954356846475,346,643,1
505,2024-02-25 02:00:00,Photos,2962.0,2808,Medium,0.6832545391425713,154.0,5.199189736664416,1965,3650,1
506,2024-03-01 00:30:00,Photos,3096.0,2587,Medium,0.5632420446621341,509.0,16.440568475452196,1810,3363,1
507,2024-03-01 03:38:00,Videos,17057.0,2800,Medium,0.37969724101864843,14257.0,83.58445213108988,1959,3640,0
508,2024-03-03 03:18:00,Videos,4026.0,2220,Medium,0.5774688790160504,1806.0,44.85842026825633,1554,2886,0
509,2024-03-06 20:15:00,Photos,1585.0,1699,Medium,0.5697701784690399,-114.0,7.192429022082019,1189,2208,1
510,2024-03-07 00:57:00,Videos,44293.0,2267,Medium,0.4277496054940378,42026.0,94.88180976678031,1586,2947,0
511,2024-03-07 08:03:00,Photos,7948.0,13292,High,0.4897260717524084,-5344.0,67.23704076497232,9304,17279,0
512,2024-03-07 20:09:00,Photos,3617.0,3232,Medium,0.6294877744879863,385.0,10.644180259883882,2262,4201,1
513,2024-03-08 03:21:00,Videos,2821.0,2863,Medium,0.6617495346051423,-42.0,1.488833746898263,2004,3721,1
514,2024-03-09 03:34:00,Videos,2710.0,2797,Medium,0.7275268106191136,-87.0,3.2103321033210332,1957,3636,1
515,2024-03-09 20:04:00,Photos,2657.0,2800,Medium,0.7120930634430723,-143.0,5.382009785472337,1959,3640,1
516,2024-03-10 04:34:00,Videos,1438.0,1823,Medium,0.7448804433647291,-385.0,26.773296244784422,1276,2369,1
517,2024-03-11 03:08:00,Videos,2487.0,2449,Medium,0.7477720568176152,38.0,1.527945315641335,1714,3183,1
518,2024-03-12 02:55:00,Videos,2645.0,2673,Medium,0.696193271345039,-28.0,1.058601134215501,1871,3474,1
519,2024-03-13 02:55:00,Videos,1232.0,1088,Low,0.5431367110732755,144.0,11.688311688311687,761,1414,1
520,2024-03-14 03:02:00,Videos,2584.0,2743,Medium,0.6536344141349458,-159.0,6.1532507739938085,1920,3565,1
521,2024-03-15 03:12:00,Videos,2092.0,2780,Medium,0.6045043608971575,-688.0,32.88718929254302,1945,3614,1
522,2024-03-15 22:43:00,Photos,967.0,809,Low,0.4971235459038173,158.0,16.339193381592555,566,1051,1
523,2024-03-16 02:55:00,Videos,712.0,2307,Medium,0.48328470415956154,-1595.0,224.01685393258427,1614,2999,0
524,2024-03-17 02:54:00,Videos,1295.0,1662,Medium,0.7137780832786427,-367.0,28.33976833976834,1163,2160,1
525,2024-03-18 06:01:00,Videos,1862.0,2016,Medium,0.5689124450535986,-154.0,8.270676691729323,1411,2620,1
526,2024-03-20 04:27:00,Videos,1024.0,950,Low,0.5974539420888156,74.0,7.2265625,665,1235,1
527,2024-03-20 04:41:00,Photos,372.0,465,Low,0.6945443742166509,-93.0,25.0,325,604,1
528,2024-03-21 04:00:00,Videos,4388.0,3541,Medium,0.596124191133926,847.0,19.30264357338195,2478,4603,1
529,2024-03-22 07:10:00,Videos,2030.0,2190,Medium,0.5712640655718969,-160.0,7.8817733990147785,1533,2847,1
530,2024-03-22 22:41:00,Photos,1827.0,2394,Medium,0.5866633715895236,-567.0,31.03448275862069,1675,3112,1
531,2024-03-24 04:24:00,Videos,4529.0,3738,Medium,0.722899291192186,791.0,17.465224111282843,2616,4859,1
532,2024-03-25 04:49:00,Videos,1013.0,939,Low,0.5521920270872921,74.0,7.305034550839092,657,1220,1
533,2024-03-26 04:10:00,Videos,1685.0,2306,Medium,0.47641139841095964,-621.0,36.85459940652819,1614,2997,1
534,2024-03-26 05:13:00,Photos,885.0,650,Low,0.6693439666387707,235.0,26.55367231638418,454,845,0
535,2024-03-27 04:25:00,Videos,1198.0,996,Low,0.7342000667966962,202.0,16.86143572621035,697,1294,1
536,2024-03-27 22:40:00,Text,0.0,741,Low,0.7462023070559269,-741.0,0.0,518,963,0
537,2024-04-01 05:28:00,Videos,7291.0,615,Low,0.38962322211570977,6676.0,91.56494308051022,430,799,0
538,2024-04-02 04:32:00,Videos,995.0,666,Low,0.5480956150323184,329.0,33.06532663316583,466,865,0
539,2024-04-03 02:04:00,Photos,233.0,394,Low,0.6299413413545107,-161.0,69.09871244635193,275,512,0
540,2024-04-07 05:11:00,Videos,1386.0,1838,Medium,0.6447375373293817,-452.0,32.61183261183261,1286,2389,1
541,2024-04-08 02:27:00,Photos,1415.0,1601,Medium,0.4655380089750259,-186.0,13.14487632508834,1120,2081,1
542,2024-04-08 05:02:00,Videos,652.0,658,Low,0.6389462995813701,-6.0,0.9202453987730062,460,855,1
543,2024-04-09 00:26:00,Photos,481.0,391,Low,0.6375373275838976,90.0,18.711018711018713,273,508,1
544,2024-04-09 04:02:00,Videos,614.0,546,Low,0.6956233479630411,68.0,11.074918566775244,382,709,1
545,2024-04-10 04:38:00,Videos,568.0,333,Low,0.642266715226566,235.0,41.37323943661972,233,432,0
546,2024-04-10 22:58:00,Photos,1549.0,1768,Medium,0.5071059973249182,-219.0,14.138153647514526,1237,2298,1
547,2024-04-11 04:13:00,Videos,484.0,320,Low,0.5033433487889104,164.0,33.88429752066116,224,416,0
548,2024-04-12 03:04:00,Photos,1390.0,1562,Medium,0.6176557132634888,-172.0,12.37410071942446,1093,2030,1
549,2024-04-12 04:18:00,Videos,1453.0,1645,Medium,0.6518866821825692,-192.0,13.21403991741225,1151,2138,1
550,2024-04-13 03:33:00,Photos,2163.0,2137,Medium,0.668421233779167,26.0,1.2020342117429497,1495,2778,1
551,2024-04-13 04:00:00,Videos,2032.0,2175,Medium,0.7062213608967832,-143.0,7.03740157480315,1522,2827,1
552,2024-04-13 21:19:00,Photos,1964.0,2134,Medium,0.5392923870395606,-170.0,8.655804480651732,1493,2774,1
553,2024-04-15 03:00:00,Photos,735.0,558,Low,0.661552163226368,177.0,24.081632653061224,390,725,0
554,2024-04-17 00:12:00,Photos,456.0,523,Low,0.7053459787421232,-67.0,14.692982456140353,366,679,1
555,2024-04-22 22:07:00,Text,421.0,469,Low,0.708232952304197,-48.0,11.401425178147269,328,609,1
556,2024-04-30 03:30:00,Photos,1422.0,415,Low,0.524867224744768,1007.0,70.81575246132208,290,539,0
557,2024-05-01 03:00:00,Photos,1495.0,1883,Medium,0.4897971960180719,-388.0,25.953177257525084,1318,2447,1
558,2024-05-03 03:00:00,Photos,936.0,706,Low,0.5402678233460316,230.0,24.57264957264957,494,917,0
559,2024-05-04 22:21:00,Text,4205.0,2855,Medium,0.5262239888586493,1350.0,32.10463733650416,1998,3711,0
560,2024-05-07 04:13:00,Videos,701.0,627,Low,0.5814580758114397,74.0,10.556348074179743,438,815,1
561,2024-05-12 03:22:00,Videos,3896.0,3322,Medium,0.6852284498774778,574.0,14.733059548254621,2325,4318,1
562,2024-05-13 03:30:00,Photos,2518.0,730,Low,0.4902922476506738,1788.0,71.0087370929309,510,949,0
563,2024-05-14 03:00:00,Photos,729.0,557,Low,0.7424119512715076,172.0,23.593964334705074,389,724,0
564,2024-05-17 04:18:00,Videos,1175.0,938,Low,0.6016008483204877,237.0,20.170212765957444,656,1219,1
565,2024-05-19 00:23:00,Photos,4200.0,3188,Medium,0.6044992863244755,1012.0,24.095238095238095,2231,4144,0
566,2024-05-21 06:23:00,Videos,325.0,332,Low,0.7283409488068573,-7.0,2.1538461538461537,232,431,1
567,2024-05-23 09:00:00,Photos,2553.0,2562,Medium,0.5144241660590053,-9.0,0.35252643948296125,1793,3330,1
568,2024-05-23 09:14:00,Photos,705.0,240,Low,0.5794852951991474,465.0,65.95744680851064,168,312,0
569,2024-05-24 01:51:00,Links,327.0,393,Low,0.5485410043567672,-66.0,20.18348623853211,275,510,1
570,2024-05-24 03:30:00,Videos,1508.0,2288,Medium,0.48623430595762257,-780.0,51.724137931034484,1601,2974,0
571,2024-05-24 20:52:00,Videos,929.0,816,Low,0.5780891767172561,113.0,12.16361679224973,571,1060,1
572,2024-05-25 03:00:00,Photos,662.0,634,Low,0.5908784793566025,28.0,4.229607250755287,443,824,1
573,2024-05-26 03:01:00,Videos,535.0,491,Low,0.6096128779103193,44.0,8.224299065420562,343,638,1
574,2024-05-27 03:01:00,Videos,460.0,468,Low,0.67995257894733,-8.0,1.7391304347826086,327,608,1
575,2024-05-27 21:45:00,Text,104.0,239,Low,0.7635192132893157,-135.0,129.80769230769232,167,310,0
576,2024-05-28 04:00:00,Videos,508.0,254,Low,0.8669971901710887,254.0,50.0,177,330,0
577,2024-05-28 23:20:00,Photos,427.0,367,Low,0.8549850761111587,60.0,14.05152224824356,256,477,1
578,2024-05-29 04:22:00,Videos,132.0,186,Low,0.9100602015846326,-54.0,40.909090909090914,130,241,1
579,2024-05-29 19:53:00,Photos,254.0,308,Low,0.8433349741221126,-54.0,21.25984251968504,215,400,1
580,2024-05-30 05:13:00,Photos,383.0,338,Low,0.7733286177211531,45.0,11.74934725848564,236,439,1
581,2024-05-31 03:45:00,Videos,316.0,342,Low,0.9228586365878815,-26.0,8.227848101265822,239,444,1
582,2024-05-31 23:38:00,Text,101.0,317,Low,0.925131666424898,-216.0,213.86138613861388,221,412,0
583,2024-06-02 05:42:00,Photos,348.0,370,Low,0.857439644994312,-22.0,6.321839080459771,259,481,1
584,2024-06-03 05:17:00,Photos,417.0,414,Low,0.8738897757488033,3.0,0.7194244604316548,289,538,1
585,2024-06-06 04:43:00,Photos,4008.0,322,Low,0.5204782976921432,3686.0,91.96606786427147,225,418,0
586,2024-06-07 05:52:00,Photos,224.0,341,Low,0.7204889569406402,-117.0,52.23214285714286,238,443,0
587,2024-06-09 05:49:00,Photos,364.0,391,Low,0.7219147189036164,-27.0,7.417582417582418,273,508,1
588,2024-06-10 03:25:00,Photos,776.0,573,Low,0.7638196183073137,203.0,26.15979381443299,401,744,0
589,2024-06-11 03:30:00,Photos,380.0,368,Low,0.6891172190716824,12.0,3.1578947368421053,257,478,1
590,2024-06-14 03:30:00,Photos,3198.0,384,Low,0.5062242344422916,2814.0,87.99249530956847,268,499,0
591,2024-06-17 04:30:00,Photos,664.0,566,Low,0.7496391657416612,98.0,14.759036144578314,396,735,1
592,2024-06-19 04:04:00,Photos,608.0,577,Low,0.7644562101548041,31.0,5.098684210526316,403,750,1
593,2024-06-20 04:00:00,Photos,2850.0,2895,Medium,0.5636145972112186,-45.0,1.5789473684210527,2026,3763,1
594,2024-06-22 00:48:00,Photos,111.0,190,Low,0.6459794235265076,-79.0,71.17117117117117,133,247,0
595,2024-06-26 17:32:00,Photos,237.0,317,Low,0.7483747434978341,-80.0,33.755274261603375,221,412,1
596,2024-06-27 07:59:00,Photos,131.0,165,Low,0.5989670728957709,-34.0,25.954198473282442,115,214,1
597,2024-07-03 21:48:00,Photos,889.0,657,Low,0.7188045494323589,232.0,26.09673790776153,459,854,0
598,2024-07-04 02:00:00,Photos,1455.0,2072,Medium,0.6748074507249769,-617.0,42.40549828178694,1450,2693,1
599,2024-07-04 05:00:00,Photos,2520.0,2747,Medium,0.6333145723222354,-227.0,9.007936507936508,1922,3571,1
600,2024-07-07 02:38:00,Videos,582.0,523,Low,0.6125894954381809,59.0,10.137457044673539,366,679,1
601,2024-07-19 04:00:00,Videos,1763.0,2020,Medium,0.5183447213429498,-257.0,14.577424844015882,1414,2626,1
602,2024-07-19 04:59:00,Photos,2701.0,2122,Medium,0.5837903866932662,579.0,21.436504998148834,1485,2758,1
603,2024-07-24 19:18:00,Text,379.0,450,Low,0.6588072485573315,-71.0,18.733509234828496,315,585,1
604,2024-07-25 09:00:00,Photos,1664.0,2430,Medium,0.5587084798482529,-766.0,46.03365384615385,1701,3159,0
605,2024-07-26 03:00:00,Videos,593.0,617,Low,0.5948158823826262,-24.0,4.0472175379426645,431,802,1
606,2024-07-26 06:00:00,Photos,473.0,488,Low,0.6622716499860911,-15.0,3.171247357293869,341,634,1
607,2024-07-27 20:06:00,Text,716.0,454,Low,0.7319651293855065,262.0,36.592178770949715,317,590,0
608,2024-07-28 03:00:00,Videos,664.0,575,Low,0.7510030434334298,89.0,13.403614457831326,402,747,1
609,2024-07-29 03:00:00,Videos,453.0,510,Low,0.774879896089164,-57.0,12.582781456953644,357,663,1
610,2024-07-31 03:00:00,Videos,434.0,433,Low,0.8343157597298692,1.0,0.2304147465437788,303,562,1
611,2024-07-31 23:14:00,Photos,524.0,407,Low,0.7967925322132554,117.0,22.328244274809162,284,529,1
612,2024-08-01 04:12:00,Videos,205.0,286,Low,0.719451408280177,-81.0,39.51219512195122,200,371,1
613,2024-08-02 03:11:00,Videos,209.0,259,Low,0.7907502875909199,-50.0,23.923444976076556,181,336,1
614,2024-08-03 04:59:00,Videos,252.0,248,Low,0.888869634786701,4.0,1.5873015873015872,173,322,1
615,2024-08-04 01:07:00,Photos,206.0,242,Low,0.8539762808793266,-36.0,17.475728155339805,169,314,1
616,2024-08-04 06:41:00,Photos,712.0,538,Low,0.8848305674158264,174.0,24.43820224719101,376,699,0
617,2024-08-05 03:00:00,Photos,284.0,394,Low,0.8775671832584596,-110.0,38.732394366197184,275,512,1
618,2024-08-06 02:29:00,Photos,262.0,305,Low,0.8785504611666336,-43.0,16.412213740458014,213,396,1
619,2024-08-06 08:18:00,Photos,586.0,498,Low,0.8524627753439742,88.0,15.017064846416384,348,647,1
620,2024-08-09 04:00:00,Photos,580.0,461,Low,0.8357635863670023,119.0,20.517241379310345,322,599,1
621,2024-08-11 00:51:00,Videos,18142.0,277,Low,0.569457413277816,17865.0,98.47315621210451,193,360,0
622,2024-08-12 04:12:00,Photos,412.0,449,Low,0.6630055440625661,-37.0,8.980582524271846,314,583,1
623,2024-08-13 01:00:00,Photos,354.0,353,Low,0.6906816262621511,1.0,0.2824858757062147,247,458,1
624,2024-08-13 04:56:00,Videos,212.0,284,Low,0.6416574291260906,-72.0,33.9622641509434,198,369,1
625,2024-08-13 21:41:00,Photos,633.0,509,Low,0.721791624953996,124.0,19.589257503949447,356,661,1
626,2024-08-14 03:00:00,Videos,356.0,408,Low,0.6866801145093819,-52.0,14.606741573033707,285,530,1
627,2024-08-14 06:00:00,Videos,2205.0,344,Low,0.426692457195943,1861.0,84.39909297052154,240,447,0
628,2024-08-15 03:00:00,Videos,331.0,199,Low,0.576829330390771,132.0,39.87915407854985,139,258,0
629,2024-08-16 03:22:00,Videos,140.0,232,Low,0.6854253026708461,-92.0,65.71428571428571,162,301,0
630,2024-08-16 19:35:00,Photos,487.0,415,Low,0.7450429503227095,72.0,14.784394250513348,290,539,1
631,2024-08-16 20:54:00,Photos,420.0,382,Low,0.7968352404284551,38.0,9.047619047619047,267,496,1
632,2024-08-19 03:09:00,Videos,165.0,222,Low,0.832444201458641,-57.0,34.54545454545455,155,288,1
633,2024-08-20 04:40:00,Photos,216.0,275,Low,0.8292721513711124,-59.0,27.314814814814813,192,357,1
634,2024-08-21 00:32:00,Photos,625.0,436,Low,0.7974820519150831,189.0,30.240000000000002,305,566,0
635,2024-08-22 20:24:00,Photos,196.0,337,Low,0.7680163976080995,-141.0,71.93877551020408,235,438,0
636,2024-08-23 22:02:00,Videos,130.0,203,Low,0.9370232498561399,-73.0,56.15384615384615,142,263,0
637,2024-08-25 05:23:00,Photos,693.0,505,Low,0.855871594265759,188.0,27.12842712842713,353,656,0
638,2024-08-26 03:09:00,Videos,1137.0,765,Low,0.8928306420045429,372.0,32.71767810026385,535,994,0
639,2024-08-27 00:13:00,Photos,192.0,303,Low,0.7936606395585042,-111.0,57.8125,212,393,0
640,2024-08-28 03:30:00,Photos,559.0,474,Low,0.7988512512711453,85.0,15.20572450805009,331,616,1
641,2024-09-01 23:57:00,Photos,369.0,410,Low,0.7371844610256102,-41.0,11.11111111111111,287,533,1
642,2024-09-04 03:13:00,Videos,5923.0,295,Low,0.482058528574621,5628.0,95.01941583656931,206,383,0
643,2024-09-09 03:09:00,Videos,14941.0,463,Low,0.4545781219473679,14478.0,96.90114450170671,324,601,0
644,2024-09-13 05:14:00,Photos,7394.0,28557,High,0.5768275864522482,-21163.0,286.21855558561,19989,37124,0
645,2024-09-27 16:45:00,Photos,16907.0,22273,High,0.6255604351197037,-5366.0,31.738333234754833,15591,28954,1
646,2024-10-01 03:30:00,Photos,11567.0,20545,High,0.6446275772105464,-8978.0,77.61735973026714,14381,26708,0
647,2024-10-02 05:10:00,Photos,12638.0,21798,High,0.67478812743093,-9160.0,72.47982275676532,15258,28337,0
648,2024-10-03 00:48:00,Photos,6929.0,22979,High,0.6509513058818271,-16050.0,231.63515658825227,16085,29872,0
649,2024-10-03 06:14:00,Videos,8185.0,12587,High,0.5358268408759082,-4402.0,53.78130726939524,8810,16363,0
650,2024-10-07 03:01:00,Videos,4142.0,3105,Medium,0.5018800102457776,1037.0,25.036214389183968,2173,4036,0
651,2024-10-10 06:11:00,Videos,2823.0,2739,Medium,0.6358379464508437,84.0,2.975557917109458,1917,3560,1
652,2024-10-11 05:54:00,Videos,13476.0,13704,High,0.5793751532841656,-228.0,1.6918967052537845,9592,17815,1
653,2024-10-18 03:41:00,Videos,10812.0,13578,High,0.6762794692452749,-2766.0,25.5826859045505,9504,17651,1
654,2024-10-18 05:39:00,Videos,8422.0,16324,High,0.6924248991598845,-7902.0,93.82569460935645,11426,21221,0
655,2024-10-19 07:34:00,Reels,10626.0,11409,High,0.6321365929586481,-783.0,7.368718238283456,7986,14831,1
656,2024-10-19 21:04:00,Reels,3477.0,4857,Medium,0.5670006209484046,-1380.0,39.68938740293356,3399,6314,1
657,2024-10-20 02:09:00,Reels,173480.0,12198,High,0.5888938569926311,161282.0,92.96864191837676,8538,15857,0
658,2024-10-20 22:51:00,Photos,6385.0,16288,High,0.5059656602445723,-9903.0,155.09788566953796,11401,21174,0
659,2024-10-21 02:19:00,Videos,5404.0,2579,Medium,0.5017301760253714,2825.0,52.27609178386381,1805,3352,0
660,2024-10-21 05:56:00,Reels,59947.0,13873,High,0.49917561165781166,46074.0,76.85789113717117,9711,18034,0
661,2024-10-21 21:00:00,Videos,3094.0,14127,High,0.5087090154724205,-11033.0,356.5934065934066,9888,18365,0
662,2024-10-22 21:09:00,Photos,11901.0,15356,High,0.5106799435439414,-3455.0,29.0311738509369,10749,19962,1
663,2024-10-26 06:03:00,Photos,7243.0,17806,High,0.4642519216516481,-10563.0,145.8373602098578,12464,23147,0
664,2024-10-31 05:09:00,Photos,15179.0,16947,High,0.5098335332863247,-1768.0,11.647671124580011,11862,22031,1
665,2024-10-31 07:21:00,Photos,6327.0,16910,High,0.4884458366667775,-10583.0,167.26726726726727,11837,21983,0
666,2024-11-01 00:29:00,Photos,4075.0,17054,High,0.5327260624002951,-12979.0,318.5030674846626,11937,22170,0
667,2024-11-02 04:37:00,Photos,20349.0,17759,High,0.49800381965039753,2590.0,12.727898176814586,12431,23086,1
668,2024-11-02 19:50:00,Reels,5839.0,11953,High,0.48459121579217235,-6114.0,104.7097105668779,8367,15538,0
669,2024-11-02 23:27:00,Videos,23222.0,18638,High,0.5371580903064784,4584.0,19.73990181724227,13046,24229,1
670,2024-11-03 01:44:00,Reels,7584.0,10416,High,0.6063369343350308,-2832.0,37.34177215189873,7291,13540,1
671,2024-11-03 20:35:00,Reels,5784.0,12328,High,0.5241745353055571,-6544.0,113.13969571230982,8629,16026,0
672,2024-11-04 01:54:00,Reels,110314.0,14596,High,0.6467385681451827,95718.0,86.76867849955582,10217,18974,0
673,2024-11-05 01:14:00,Reels,33991.0,14038,High,0.548545386713845,19953.0,58.700832573328235,9826,18249,0
674,2024-11-06 02:00:00,Reels,77165.0,13904,High,0.5381210890826553,63261.0,81.98146828225231,9732,18075,0
675,2024-11-06 04:36:00,Reels,16314.0,14163,High,0.524973208552918,2151.0,13.184994483265907,9914,18411,1
676,2024-11-07 00:27:00,Photos,4635.0,16041,High,0.546905083717616,-11406.0,246.08414239482198,11228,20853,0
677,2024-11-07 02:05:00,Reels,9948.0,12643,High,0.5450322585203439,-2695.0,27.090872537193405,8850,16435,1
678,2024-11-07 08:10:00,Photos,509.0,15737,High,0.5194123325120006,-15228.0,2991.7485265225932,11015,20458,0
679,2024-11-07 19:28:00,Videos,9985.0,13213,High,0.5698036721359313,-3228.0,32.32849273910866,9249,17176,1
680,2024-11-07 22:58:00,Photos,2917.0,16108,High,0.4795105653755513,-13191.0,452.21117586561536,11275,20940,0
681,2024-11-08 22:12:00,Reels,74047.0,11448,High,0.5389747027615487,62599.0,84.53954920523451,8013,14882,0
682,2024-11-09 22:44:00,Reels,51574.0,12776,High,0.4835523570503405,38798.0,75.22782797533641,8943,16608,0
683,2024-11-10 02:14:00,Reels,27678.0,12678,High,0.4927820349128719,15000.0,54.19466724474312,8874,16481,0
684,2024-11-10 21:04:00,Videos,5795.0,2725,Medium,0.4918185868870456,3070.0,52.97670405522001,1907,3542,0
685,2024-11-10 22:16:00,Videos,3122.0,15727,High,0.5118437434111633,-12605.0,403.747597693786,11008,20445,0
686,2024-11-11 02:00:00,Videos,2313.0,14748,High,0.5251572513822363,-12435.0,537.6134889753567,10323,19172,0
687,2024-11-11 03:33:00,Reels,2225.0,12597,High,0.5060658446627274,-10372.0,466.15730337078656,8817,16376,0
688,2024-11-11 21:00:00,Reels,6956.0,9953,High,0.4728107755045297,-2997.0,43.08510638297872,6967,12938,0
689,2024-11-12 03:12:00,Reels,62547.0,11494,High,0.4728917995293906,51053.0,81.62341918877004,8045,14942,0
690,2024-11-12 20:38:00,Reels,6934.0,15942,High,0.5763707710603455,-9008.0,129.91058552062302,11159,20724,0
691,2024-11-13 03:17:00,Photos,2667.0,16552,High,0.5063918216149245,-13885.0,520.6224221972253,11586,21517,0
692,2024-11-13 04:43:00,Photos,4061.0,16611,High,0.5184702657244613,-12550.0,309.0371829598621,11627,21594,0
693,2024-11-13 22:03:00,Reels,18654.0,11810,High,0.5080089233503016,6844.0,36.689181944891175,8267,15353,0
694,2024-11-14 05:05:00,Videos,1915.0,15431,High,0.5589398010620554,-13516.0,705.7963446475195,10801,20060,0
695,2024-11-14 19:23:00,Photos,6692.0,14871,High,0.49789952519053426,-8179.0,122.22056186491332,10409,19332,0
696,2024-11-14 23:52:00,Reels,47005.0,17017,High,0.5883113016960256,29988.0,63.79746835443038,11911,22122,0
697,2024-11-17 00:09:00,Reels,71602.0,12306,High,0.6051753978593226,59296.0,82.8133292366135,8614,15997,0
698,2024-11-17 23:38:00,Reels,17484.0,14249,High,0.526592744292754,3235.0,18.50263097689316,9974,18523,1
699,2024-11-18 02:08:00,Reels,4251.0,2622,Medium,0.5049886015993773,1629.0,38.320395201129145,1835,3408,0
700,2024-11-18 23:15:00,Reels,15142.0,14441,High,0.5405268124133575,701.0,4.6295073306036185,10108,18773,1
701,2024-11-19 22:36:00,Reels,2344542.0,11365,High,0.605635478287882,2333177.0,99.51525713764138,7955,14774,0
702,2024-11-20 22:03:00,Text,2090.0,16422,High,0.5071031808440913,-14332.0,685.7416267942583,11495,21348,0
703,2024-11-21 01:01:00,Photos,8242.0,15894,High,0.5020174992120349,-7652.0,92.84154331472944,11125,20662,0
704,2024-11-22 02:38:00,Photos,9255.0,15939,High,0.5286489984230447,-6684.0,72.22042139384118,11157,20720,0
705,2024-11-23 01:55:00,Photos,5269.0,3274,Medium,0.46462115469672455,1995.0,37.86297210096792,2291,4256,0
706,2024-11-23 02:39:00,Photos,2892.0,3139,Medium,0.4629825350417839,-247.0,8.540802213001383,2197,4080,1
707,2024-11-26 03:14:00,Photos,5299.0,3268,Medium,0.4370116539901065,2031.0,38.32798641253067,2287,4248,0
708,2024-11-27 02:51:00,Videos,2316.0,3270,Medium,0.5252895000498604,-954.0,41.19170984455959,2289,4251,1
709,2024-12-03 00:10:00,Photos,4135.0,3432,Medium,0.46971214763997277,703.0,17.001209189842807,2402,4461,1
710,2024-12-03 09:49:00,Videos,13759.0,17568,High,0.5147104597999569,-3809.0,27.683697943164475,12297,22838,1
711,2024-12-04 03:01:00,Reels,4816.0,4234,Medium,0.5629879153234109,582.0,12.084717607973422,2963,5504,1
712,2024-12-04 18:00:00,Photos,4315.0,3637,Medium,0.5006993427006791,678.0,15.712630359212051,2545,4728,1
713,2024-12-04 20:00:00,Photos,11439.0,3607,Medium,0.4824268905956864,7832.0,68.46752338491126,2524,4689,0
714,2024-12-05 03:00:00,Photos,10749.0,3841,Medium,0.4797967352123694,6908.0,64.2664433900828,2688,4993,0
715,2024-12-05 23:20:00,Photos,5138.0,3619,Medium,0.4825886968594268,1519.0,29.56403269754768,2533,4704,0
716,2024-12-06 21:08:00,Photos,8925.0,14329,High,0.595245248212485,-5404.0,60.549019607843135,10030,18627,0
717,2024-12-11 03:00:00,Reels,3982.0,4135,Medium,0.6223613053492882,-153.0,3.842290306378704,2894,5375,1
718,2024-12-16 01:45:00,Reels,4399.0,4259,Medium,0.6143460508496162,140.0,3.182541486701523,2981,5536,1
719,2024-12-18 03:13:00,Reels,3815.0,4186,Medium,0.6568217751298462,-371.0,9.724770642201836,2930,5441,1
720,2024-12-19 20:25:00,Photos,6050.0,4925,Medium,0.5863791440909425,1125.0,18.59504132231405,3447,6402,1
721,2024-12-20 16:18:00,Photos,9428.0,16054,High,0.5721854755428329,-6626.0,70.2800169707255,11237,20870,0
722,2024-12-21 20:32:00,Photos,10603.0,19296,High,0.6463171217828214,-8693.0,81.9862303121758,13507,25084,0
723,2024-12-25 00:49:00,Photos,12518.0,21075,High,0.7115658301984285,-8557.0,68.35756510624701,14752,27397,0
724,2025-01-09 04:05:00,Videos,5322.0,3456,Medium,0.5561824167744789,1866.0,35.062006764374296,2419,4492,0
725,2025-01-10 04:07:00,Photos,10835.0,16686,High,0.6247836075911775,-5851.0,54.00092293493308,11680,21691,0
726,2025-01-12 02:00:00,Videos,19950.0,16948,High,0.6532837683083159,3002.0,15.04761904761905,11863,22032,1
727,2025-01-13 19:01:00,Photos,4357.0,4040,Medium,0.6480353936671115,317.0,7.275648381914161,2828,5252,1
728,2025-01-15 06:17:00,Photos,4315.0,4165,Medium,0.670973251175732,150.0,3.476245654692932,2915,5414,1
729,2025-01-16 03:00:00,Reels,126354.0,12990,High,0.6288786127498458,113364.0,89.71935989363217,9093,16887,0
730,2025-01-17 04:31:00,Reels,10704.0,11978,High,0.4892330677612599,-1274.0,11.902092675635277,8384,15571,1
731,2025-01-18 00:11:00,Photos,6129.0,2903,Medium,0.4438443605745699,3226.0,52.63501386849404,2032,3773,0
732,2025-01-19 03:33:00,Reels,11957.0,2697,Medium,0.45452036635189635,9260.0,77.44417496027431,1887,3506,0
733,2025-01-20 02:50:00,Reels,10549.0,2621,Medium,0.46278239559385115,7928.0,75.15404303725471,1834,3407,0
734,2025-01-22 03:34:00,Reels,471987.0,10553,High,0.45518604099601445,461434.0,97.76413333418081,7387,13718,0
735,2025-01-22 21:54:00,Photos,5309.0,16322,High,0.4234319205293297,-11013.0,207.44019589376532,11425,21218,0
736,2025-01-23 00:38:00,Videos,289447.0,2827,Medium,0.4661139297489523,286620.0,99.02330996693695,1978,3675,0
737,2025-01-23 03:34:00,Videos,726153.0,16842,High,0.45199716534516016,709311.0,97.68065407703335,11789,21894,0
738,2025-01-24 04:13:00,Reels,18923.0,11821,High,0.462395304200094,7102.0,37.53104687417429,8274,15367,0
739,2025-01-27 03:57:00,Reels,21491.0,2691,Medium,0.4796807698462578,18800.0,87.47847936345447,1883,3498,0
740,2025-01-27 07:11:00,Videos,1497.0,2470,Medium,0.46765514572655986,-973.0,64.99665998663995,1729,3211,0
741,2025-01-29 04:17:00,Reels,2264.0,12688,High,0.44611379492116776,-10424.0,460.42402826855124,8881,16494,0
742,2025-01-29 20:14:00,Photos,4235.0,2952,Medium,0.4044078018833664,1283.0,30.295159386068477,2066,3837,0
743,2025-01-30 03:12:00,Reels,12817.0,9891,High,0.4234507748356669,2926.0,22.829055161114145,6923,12858,1
744,2025-01-30 08:00:00,Photos,72.0,3183,Medium,0.40908956030376936,-3111.0,4320.833333333334,2228,4137,0
745,2025-01-31 02:35:00,Reels,19703.0,14363,High,0.5857053051560207,5340.0,27.102471704816526,10054,18671,0
746,2025-02-01 02:46:00,Reels,10182.0,10708,High,0.5731222467371105,-526.0,5.165979178943233,7495,13920,1
747,2025-02-02 01:32:00,Reels,46796.0,12299,High,0.6201670069975905,34497.0,73.7178391315497,8609,15988,0
748,2025-02-02 03:56:00,Photos,6715.0,12283,High,0.5456625378178795,-5568.0,82.91883842144453,8598,15967,0
749,2025-02-03 01:48:00,Reels,17347.0,11429,High,0.6163160147262525,5918.0,34.11540900443881,8000,14857,0
750,2025-02-04 22:33:00,Photos,8661.0,15633,High,0.5904280367390808,-6972.0,80.4987876688604,10943,20322,0
751,2025-02-05 03:21:00,Reels,14864.0,12452,High,0.6631430644216444,2412.0,16.227125941872984,8716,16187,1
752,2025-02-05 20:15:00,Photos,8445.0,14462,High,0.6609220527001258,-6017.0,71.24925991711072,10123,18800,0
753,2025-02-06 00:20:00,Reels,13577.0,11489,High,0.7175237446157958,2088.0,15.378949694336008,8042,14935,1
754,2025-02-06 03:23:00,Reels,22143.0,11184,High,0.7534893997385843,10959.0,49.49193876168541,7828,14539,0
755,2025-02-06 20:21:00,Reels,14506.0,14428,High,0.7061831943525122,78.0,0.5377085343995588,10099,18756,1
756,2025-02-07 01:30:00,Reels,18104.0,13766,High,0.8168170127432391,4338.0,23.961555457357488,9636,17895,0
757,2025-02-07 03:30:00,Reels,24140.0,15380,High,0.8297087765927215,8760.0,36.28831814415907,10766,19994,0
758,2025-02-08 01:30:00,Reels,3684.0,12782,High,0.5575114814861704,-9098.0,246.95982627578718,8947,16616,0
759,2025-02-08 03:43:00,Reels,14045.0,14868,High,0.7461250543690789,-823.0,5.859736561053755,10407,19328,1
760,2025-02-09 02:30:00,Reels,15002.0,13854,High,0.8535699590741553,1148.0,7.652313024930009,9697,18010,1
761,2025-02-10 01:30:00,Reels,18857.0,13975,High,0.8022015928623324,4882.0,25.889590072652062,9782,18167,0
762,2025-02-10 03:30:00,Reels,15863.0,13559,High,0.7924536652311365,2304.0,14.524364874235642,9491,17626,1
763,2025-02-10 19:33:00,Photos,4795.0,4249,Medium,0.46394155050173536,546.0,11.386861313868613,2974,5523,1
764,2025-02-11 01:29:00,Reels,21062.0,18128,High,0.8663025881373297,2934.0,13.930301016047858,12689,23566,1
765,2025-02-11 03:37:00,Reels,29879.0,20158,High,0.8882038581230356,9721.0,32.53455604270558,14110,26205,0
766,2025-02-11 22:58:00,Photos,7493.0,25401,High,0.7054572010952055,-17908.0,238.99639663686108,17780,33021,0
767,2025-02-12 03:30:00,Reels,74319.0,22866,High,0.8237011585825345,51453.0,69.23263230129577,16006,29725,0
768,2025-02-12 22:58:00,Reels,44712.0,15251,High,0.5436592363472995,29461.0,65.89058865628914,10675,19826,0
769,2025-02-13 01:30:00,Photos,8404.0,15117,High,0.5195149245537369,-6713.0,79.87862922417897,10581,19652,0
770,2025-02-13 03:30:00,Photos,13436.0,15123,High,0.5195546686772731,-1687.0,12.555820184578744,10586,19659,1
771,2025-02-14 00:01:00,Reels,6998.0,10168,High,0.6329066128057799,-3170.0,45.29865675907402,7117,13218,0
772,2025-02-16 23:08:00,Reels,6992.0,9116,High,0.5806522482750652,-2124.0,30.377574370709382,6381,11850,1
773,2025-02-17 23:52:00,Photos,10127.0,14098,High,0.5458721208948983,-3971.0,39.21200750469043,9868,18327,1
774,2025-02-19 00:47:00,Photos,10547.0,17506,High,0.5072746559108673,-6959.0,65.98084763439842,12254,22757,0
775,2025-02-19 03:30:00,Reels,159701.0,13588,High,0.5071091016595555,146113.0,91.49159992736426,9511,17664,0
776,2025-02-19 04:38:00,Reels,4112.0,15562,High,0.5327848829913232,-11450.0,278.4533073929961,10893,20230,0
777,2025-02-19 22:14:00,Photos,7547.0,17733,High,0.5278861746205277,-10186.0,134.96753676957732,12413,23052,0
778,2025-02-20 01:43:00,Photos,3703.0,16015,High,0.4920658064303428,-12312.0,332.48717256278695,11210,20819,0
779,2025-02-20 03:35:00,Reels,66273.0,10736,High,0.5284478867540102,55537.0,83.80034101368582,7515,13956,0
780,2025-02-20 23:09:00,Photos,7028.0,14754,High,0.5002494354247236,-7726.0,109.93170176437108,10327,19180,0
781,2025-02-21 03:17:00,Reels,9203.0,10875,High,0.6115381475642198,-1672.0,18.167988699337172,7612,14137,1
782,2025-02-21 20:00:00,Photos,20332.0,14339,High,0.5702678121797844,5993.0,29.475703324808183,10037,18640,0
783,2025-02-21 22:32:00,Photos,20225.0,14318,High,0.5730573188955658,5907.0,29.206427688504327,10022,18613,0
784,2025-02-24 01:28:00,Text,17430.0,12020,High,0.5705299449336773,5410.0,31.03843947217441,8414,15626,0
785,2025-02-26 03:15:00,Photos,3324.0,15363,High,0.5505064815562487,-12039.0,362.1841155234657,10754,19971,0
786,2025-02-26 20:05:00,Photos,3510.0,15062,High,0.556725750451686,-11552.0,329.1168091168091,10543,19580,0
787,2025-02-27 21:52:00,Photos,3461.0,16612,High,0.44959335921510757,-13151.0,379.97688529326786,11628,21595,0
788,2025-03-01 02:42:00,Text,4744.0,3307,Medium,0.47104577970326583,1437.0,30.29089376053963,2314,4299,0
789,2025-03-02 01:27:00,Photos,4211.0,3357,Medium,0.5005265393640124,854.0,20.280218475421517,2349,4364,1
790,2025-03-02 22:00:00,Videos,5421.0,3571,Medium,0.604146713529479,1850.0,34.12654491791182,2499,4642,0
791,2025-03-03 01:49:00,Photos,6381.0,14325,High,0.5177381490453258,-7944.0,124.49459332393043,10027,18622,0
792,2025-03-04 03:48:00,Photos,9347.0,20291,High,0.4982856635457214,-10944.0,117.08569594522307,14203,26378,0
793,2025-03-05 04:09:00,Photos,5226.0,3647,Medium,0.4670691727395647,1579.0,30.214313050133946,2552,4741,0
794,2025-03-06 23:55:00,Photos,5129.0,4651,Medium,0.5553540378867683,478.0,9.31955546890232,3255,6046,1
795,2025-03-07 01:41:00,Photos,24706.0,23335,High,0.5932693821892306,1371.0,5.54925928924148,16334,30335,1
796,2025-03-09 19:04:00,Videos,6379.0,13805,High,0.4984120026472004,-7426.0,116.41323091393636,9663,17946,0
797,2025-03-10 05:54:00,Videos,48889.0,15258,High,0.48299040663408016,33631.0,68.79052547607847,10680,19835,0
798,2025-03-14 21:07:00,Photos,7606.0,14705,High,0.5566951769003319,-7099.0,93.33420983434131,10293,19116,0
799,2025-03-18 02:39:00,Photos,5293.0,16056,High,0.6221738287231656,-10763.0,203.34403929718493,11239,20872,0
800,2025-03-22 21:24:00,Photos,5121.0,17346,High,0.5278389268212916,-12225.0,238.7229056824839,12142,22549,0
801,2025-03-24 22:50:00,Photos,8963.0,13270,High,0.5333662040058857,-4307.0,48.05310721856521,9289,17251,0
802,2025-03-26 04:38:00,Photos,17538.0,17235,High,0.5659199882727052,303.0,1.7276770441327403,12064,22405,1
803,2025-03-27 02:46:00,Photos,14355.0,16646,High,0.5505962988671029,-2291.0,15.95959595959596,11652,21639,1
804,2025-03-28 04:51:00,Photos,9669.0,16231,High,0.5719167346144876,-6562.0,67.86637708139415,11361,21100,0
805,2025-03-28 19:25:00,Photos,3543.0,19186,High,0.471894843727012,-15643.0,441.51848715777595,13430,24941,0
806,2025-03-29 23:05:00,Photos,6034.0,3472,Medium,0.5342342605147907,2562.0,42.459396751740144,2430,4513,0
807,2025-03-30 22:01:00,Photos,6301.0,3683,Medium,0.5404433993179979,2618.0,41.5489604824631,2578,4787,0
808,2025-03-31 07:34:00,Photos,7135.0,14901,High,0.47708537406151985,-7766.0,108.84372810091101,10430,19371,0
809,2025-04-02 04:06:00,Reels,4010.0,3717,Medium,0.5372999713136017,293.0,7.306733167082294,2601,4832,1
810,2025-04-02 20:42:00,Photos,8432.0,20637,High,0.5718019041469752,-12205.0,144.74620493358634,14445,26828,0
811,2025-04-04 01:20:00,Photos,7361.0,17021,High,0.5615482853254862,-9660.0,131.23216954218177,11914,22127,0
812,2025-04-05 18:15:00,Videos,4684.0,3335,Medium,0.5719093900599677,1349.0,28.800170794192997,2334,4335,0
813,2025-04-08 03:00:00,Photos,27286.0,20166,High,0.6442439387709911,7120.0,26.093967602433484,14116,26215,0
814,2025-04-09 07:37:00,Photos,6260.0,4881,Medium,0.6755499715402016,1379.0,22.028753993610223,3416,6345,1
815,2025-04-10 22:59:00,Photos,4837.0,4591,Medium,0.7220618050504968,246.0,5.085796981600165,3213,5968,1
816,2025-04-13 02:41:00,Text,2800.0,4543,Medium,0.7174964824796427,-1743.0,62.25000000000001,3180,5905,0
817,2025-04-14 03:00:00,Photos,14488.0,16852,High,0.48718930326367266,-2364.0,16.31695196024296,11796,21907,1
818,2025-04-16 05:05:00,Photos,6112.0,5097,Medium,0.6724209584209048,1015.0,16.606675392670155,3567,6626,1
819,2025-04-21 03:48:00,Photos,3920.0,3785,Medium,0.5898825951609503,135.0,3.4438775510204076,2649,4920,1
820,2025-04-22 02:23:00,Photos,3566.0,3612,Medium,0.6277479541286042,-46.0,1.2899607403252944,2528,4695,1
821,2025-04-22 04:42:00,Photos,5793.0,4848,Medium,0.5318589307521964,945.0,16.31279129984464,3393,6302,1
822,2025-04-24 09:55:00,Photos,83075.0,17383,High,0.4563634546904749,65692.0,79.07553415588325,12168,22597,0
823,2025-04-29 18:58:00,Photos,7166.0,18384,High,0.5240254030203674,-11218.0,156.54479486463856,12868,23899,0
824,2025-05-01 05:10:00,Photos,10976.0,15569,High,0.5228284111108078,-4593.0,41.845845481049565,10898,20239,1
825,2025-05-03 04:54:00,Photos,3726.0,18009,High,0.49931110118638133,-14283.0,383.33333333333337,12606,23411,0
826,2025-05-05 02:55:00,Photos,8502.0,15781,High,0.5359529324155862,-7279.0,85.61514937661727,11046,20515,0
827,2025-05-05 21:06:00,Videos,6443.0,12062,High,0.555899366928564,-5619.0,87.21092658699364,8443,15680,0
828,2025-05-06 00:23:00,Photos,5073.0,3173,Medium,0.4296050379469335,1900.0,37.453183520599254,2221,4124,0
829,2025-05-09 03:44:00,Videos,8745.0,3031,Medium,0.474272511795032,5714.0,65.34019439679817,2121,3940,0
830,2025-05-09 21:48:00,Photos,3360.0,17108,High,0.4986635948701029,-13748.0,409.1666666666667,11975,22240,0
831,2025-05-10 00:45:00,Photos,5325.0,3530,Medium,0.5349285343493699,1795.0,33.70892018779343,2471,4589,0
832,2025-05-12 21:19:00,Photos,5751.0,3676,Medium,0.46447334237247967,2075.0,36.080681620587725,2573,4778,0
833,2025-05-13 04:24:00,Videos,6123.0,3732,Medium,0.5575531756415213,2391.0,39.04948554630083,2612,4851,0
834,2025-05-13 23:39:00,Videos,5442.0,3764,Medium,0.5285214450201434,1678.0,30.834252113193678,2634,4893,0
835,2025-05-14 03:28:00,Photos,9402.0,23848,High,0.5519635493627414,-14446.0,153.64815996596468,16693,31002,0
836,2025-05-16 19:00:00,Photos,3783.0,17855,High,0.48577237605286966,-14072.0,371.97991012424,12498,23211,0
837,2025-05-17 20:11:00,Links,8066.0,11280,High,0.5986675169869886,-3214.0,39.84626828663526,7895,14664,1
838,2025-05-20 05:42:00,Photos,9990.0,19443,High,0.7067521353465023,-9453.0,94.62462462462462,13610,25275,0
839,2025-05-22 00:30:00,Text,0.0,12816,High,0.5537334588313512,-12816.0,0.0,8971,16660,0
840,2025-05-24 04:00:00,Photos,9588.0,17763,High,0.7175019051482526,-8175.0,85.26282853566958,12434,23091,0
841,2025-05-26 20:16:00,Photos,9567.0,14721,High,0.7308599388471896,-5154.0,53.87268736280966,10304,19137,0
842,2025-05-31 03:19:00,Photos,9690.0,17654,High,0.7494486639908889,-7964.0,82.18782249742002,12357,22950,0
843,2025-06-02 05:06:00,Photos,79814.0,14960,High,0.7403092080124195,64854.0,81.25642117924173,10472,19448,0
844,2025-06-19 03:34:00,Photos,16361.0,15850,High,0.5254384613853282,511.0,3.123280973045657,11095,20605,1
845,2025-06-20 05:23:00,Photos,60077.0,15820,High,0.5684410209513956,44257.0,73.66712718677697,11074,20566,0
846,2025-06-21 03:19:00,Photos,23582.0,16992,High,0.5038262961034562,6590.0,27.945042829276566,11894,22089,0
847,2025-07-01 07:20:00,Photos,23047.0,17034,High,0.5093018390180056,6013.0,26.09016357877381,11923,22144,0
848,2025-07-01 21:55:00,Videos,10427.0,16552,High,0.5697470853592473,-6125.0,58.74172820562003,11586,21517,0
849,2025-07-02 23:11:00,Reels,19358.0,12196,High,0.596544463913464,7162.0,36.99762372145883,8537,15854,0
850,2025-07-03 03:54:00,Reels,16257.0,11446,High,0.544142772725253,4811.0,29.593405917450944,8012,14879,0
851,2025-07-03 09:00:00,Photos,19207.0,17426,High,0.44374315486328697,1781.0,9.272661009007132,12198,22653,1
852,2025-07-03 09:28:00,Photos,132.0,16637,High,0.3905287869691504,-16505.0,12503.787878787878,11645,21628,0
853,2025-07-03 22:05:00,Reels,7661.0,10213,High,0.6477102811045441,-2552.0,33.31157812296045,7149,13276,1
854,2025-07-04 01:34:00,Photos,22293.0,18609,High,0.6101556783007228,3684.0,16.525366707038085,13026,24191,1
855,2025-07-06 03:00:00,Reels,20667.0,14186,High,0.66838914595668,6481.0,31.359171626264093,9930,18441,0
856,2025-07-07 03:25:00,Photos,10234.0,13741,High,0.6022186370377596,-3507.0,34.26812585499316,9618,17863,1
857,2025-07-09 02:20:00,Photos,8229.0,19476,High,0.6169218878424932,-11247.0,136.67517316806416,13633,25318,0
858,2025-07-25 04:31:00,Photos,162509.0,17333,High,0.6101924402032013,145176.0,89.3341291866912,12133,22532,0
859,2025-07-27 03:05:00,Reels,14833.0,13471,High,0.4873517814104482,1362.0,9.182228814130655,9429,17512,1
860,2025-07-30 05:41:00,Photos,48003.0,16846,High,0.4746061696375638,31157.0,64.90636001916546,11792,21899,0
861,2025-08-05 03:44:00,Photos,14680.0,17227,High,0.5190918855862179,-2547.0,17.350136239782017,12058,22395,1
862,2025-08-06 04:25:00,Photos,43454.0,15631,High,0.49799076470980536,27823.0,64.02862797440973,10941,20320,0
863,2025-08-07 06:36:00,Photos,6113.0,15638,High,0.461766573321636,-9525.0,155.8154752167512,10946,20329,0
864,2025-08-07 23:02:00,Photos,192083.0,15377,High,0.4732120714758709,176706.0,91.99460649823253,10763,19990,0
865,2025-08-08 18:24:00,Photos,38762.0,17136,High,0.5441208384126192,21626.0,55.79175481141324,11995,22276,0
866,2025-08-18 00:20:00,Videos,5879.0,2503,Medium,0.5182856482092169,3376.0,57.42473209729546,1752,3253,0
867,2025-08-31 04:12:00,Reels,4374.0,2917,Medium,0.5084149189859654,1457.0,33.31047096479195,2041,3792,0
