date,listeners,streams,followers
2023-01-01,8313,12912,31082
2023-01-02,9823,15527,31176
2023-01-03,10802,16926,31322
2023-01-04,10241,15962,31432
2023-01-05,10589,16334,31540
2023-01-06,10595,16145,31658
2023-01-07,10869,16979,31774
2023-01-08,10995,16996,31887
2023-01-09,11225,17512,31986
2023-01-10,11809,18065,32069
2023-01-11,12296,18483,32161
2023-01-12,12514,18988,32262
2023-01-13,12152,18427,32380
2023-01-14,13195,20516,32476
2023-01-15,13570,21314,32593
2023-01-16,14078,21986,32703
2023-01-17,13873,21736,32805
2023-01-18,14010,22108,32930
2023-01-19,15469,23883,33051
2023-01-20,14508,22739,33159
2023-01-21,14963,23779,33311
2023-01-22,14951,24039,33469
2023-01-23,14110,22673,33601
2023-01-24,14523,22699,33712
2023-01-25,14271,22603,33827
2023-01-26,14568,22522,33935
2023-01-27,13998,21874,34057
2023-01-28,14729,22244,34203
2023-01-29,15619,23786,34330
2023-01-30,14171,22328,34432
2023-01-31,14197,22191,34565
2023-02-01,13689,20873,34717
2023-02-02,13567,21180,34868
2023-02-03,13194,20236,34969
2023-02-04,13646,20932,35133
2023-02-05,13774,21144,35279
2023-02-06,14021,21568,35414
2023-02-07,14117,22022,35553
2023-02-08,14386,22283,35678
2023-02-09,14579,22795,35814
2023-02-10,14635,23175,35959
2023-02-11,14632,23087,36127
2023-02-12,15015,23402,36257
2023-02-13,14787,23332,36363
2023-02-14,14245,22330,36445
2023-02-15,16015,24518,36559
2023-02-16,14827,22867,36670
2023-02-17,13881,21727,36810
2023-02-18,14244,21843,36953
2023-02-19,15373,24272,37119
2023-02-20,14371,22561,37230
2023-02-21,14278,22659,37368
2023-02-22,14736,22815,37505
2023-02-23,13801,21322,37632
2023-02-24,16543,24773,37794
2023-02-25,15614,23982,37967
2023-02-26,16123,25010,38117
2023-02-27,14475,22122,38241
2023-02-28,17482,27797,38410
2023-03-01,17793,28949,38571
2023-03-02,17727,28684,38746
2023-03-03,16431,26440,38915
2023-03-04,17107,27209,39160
2023-03-05,18053,29063,39372
2023-03-06,18267,29421,39581
2023-03-07,17945,28818,39790
2023-03-08,17434,28166,39974
2023-03-09,17542,28107,40143
2023-03-10,16149,25857,40323
2023-03-11,16863,26484,40524
2023-03-12,18073,28446,40739
2023-03-13,15936,25862,40893
2023-03-14,16481,26326,41063
2023-03-15,16550,26286,41230
2023-03-16,17294,27002,41409
2023-03-17,17771,27965,41588
2023-03-18,20628,32738,41825
2023-03-19,22370,35690,42043
2023-03-20,21281,34101,42257
2023-03-21,20349,32566,42424
2023-03-22,21966,34770,42621
2023-03-23,23467,36067,42832
2023-03-24,23983,36090,43052
2023-03-25,22123,34640,43291
2023-03-26,22789,35500,43525
2023-03-27,23418,35887,43720
2023-03-28,24378,37471,43948
2023-03-29,23686,36456,44152
2023-03-30,24172,38041,44389
2023-03-31,24130,40057,44631
2023-04-01,24833,39904,44877
2023-04-02,25560,41842,45096
2023-04-03,24852,41052,45278
2023-04-04,25592,40959,45503
2023-04-05,27229,41931,45732
2023-04-06,22419,35980,46027
2023-04-07,21728,34886,46291
2023-04-08,24274,38583,46519
2023-04-09,24776,39402,46775
2023-04-10,29397,48508,47389
2023-04-11,31238,60460,48227
2023-04-12,32890,67049,49092
2023-04-13,36099,74698,50074
2023-04-14,34062,70184,50921
2023-04-15,42038,89188,53279
2023-04-16,48690,114845,55565
2023-04-17,47299,105820,56669
2023-04-18,47747,108159,57653
2023-04-19,51591,111280,58558
2023-04-20,51828,109474,59593
2023-04-21,60353,127862,60949
2023-04-22,61374,126109,62097
2023-04-23,63419,135300,63199
2023-04-24,59403,123910,63991
2023-04-25,62372,128592,64855
2023-04-26,63334,130526,65698
2023-04-27,69701,139503,66583
2023-04-28,80462,160565,67799
2023-04-29,91185,188465,69744
2023-04-30,86822,180504,71154
2023-05-01,91757,193551,72370
2023-05-02,85571,175196,73308
2023-05-03,92605,181027,74191
2023-05-04,99132,186556,75063
2023-05-05,96372,176920,75848
2023-05-06,101355,185103,76772
2023-05-07,103887,191666,77595
2023-05-08,96881,173693,78202
2023-05-09,96144,171901,78832
2023-05-10,98709,174951,79476
2023-05-11,101905,181451,80202
2023-05-12,104096,181808,80924
2023-05-13,109112,192811,81815
2023-05-14,116186,210731,82586
2023-05-15,111190,198235,83237
2023-05-16,113739,203033,84001
2023-05-17,122193,210429,84709
2023-05-18,128627,216228,85350
2023-05-19,127608,209848,86015
2023-05-20,135935,223967,86839
2023-05-21,134663,224817,87566
2023-05-22,128307,210288,88104
2023-05-23,132761,216580,88678
2023-05-24,134456,217135,89196
2023-05-25,138261,224345,89772
2023-05-26,137123,219391,90368
2023-05-27,146734,233791,91134
2023-05-28,142171,231964,91850
2023-05-29,142212,228871,92510
2023-05-30,141659,227170,93166
2023-05-31,140089,223959,93748
2023-06-01,144697,227745,94479
2023-06-02,142777,221357,95165
2023-06-03,149939,234528,95964
2023-06-04,153400,241231,96770
2023-06-05,149120,230896,97361
2023-06-06,146968,224119,98044
2023-06-07,151720,230559,98617
2023-06-08,151886,232580,99196
2023-06-09,161347,241068,99842
2023-06-10,172791,257820,100586
2023-06-11,173568,258060,101333
2023-06-12,175404,267564,102144
2023-06-13,167689,250836,102816
2023-06-14,166435,251261,103467
2023-06-15,168536,255898,104140
2023-06-16,167085,251801,104888
2023-06-17,180369,280050,105819
2023-06-18,179336,279287,106705
2023-06-19,173880,268285,107479
2023-06-20,178953,277810,108209
2023-06-21,180054,276155,108895
2023-06-22,184715,279958,109628
2023-06-23,184043,276171,110412
2023-06-24,185684,280922,111263
2023-06-25,183147,280604,112133
2023-06-26,176811,267690,112897
2023-06-27,181091,271369,113579
2023-06-28,187147,286618,114440
2023-06-29,173012,260397,115105
2023-06-30,174855,256391,115693
2023-07-01,174217,257282,116445
2023-07-02,172599,258864,117229
2023-07-03,174137,260382,117990
2023-07-04,177762,268095,118781
2023-07-05,179219,267763,119609
2023-07-06,179173,268332,120483
2023-07-07,171457,253519,121457
2023-07-08,188031,275128,122388
2023-07-09,177614,263507,123284
2023-07-10,178544,267222,124101
2023-07-11,173934,262241,124959
2023-07-12,169427,255723,125736
2023-07-13,177814,265354,126635
2023-07-14,187640,276565,127588
2023-07-15,183477,272473,128524
2023-07-16,183250,272631,129459
2023-07-17,194783,289568,130548
2023-07-18,220759,317247,131529
2023-07-19,204406,301758,132539
2023-07-20,198072,293275,133537
2023-07-21,190904,282495,134427
2023-07-22,187606,274174,135319
2023-07-23,178944,263203,136178
2023-07-24,193435,284394,137086
2023-07-25,195950,283483,137931
2023-07-26,201826,290844,138788
2023-07-27,197472,286961,139653
2023-07-28,192933,277646,140436
2023-07-29,194752,280212,141277
2023-07-30,187439,271372,142087
2023-07-31,198866,288189,142850
2023-08-01,196260,282159,143631
2023-08-02,201379,289123,144465
2023-08-03,210441,301050,145307
2023-08-04,212213,304228,146153
2023-08-05,207109,296689,146913
2023-08-06,201268,289992,147723
2023-08-07,209776,303059,148520
2023-08-08,210129,302461,149331
2023-08-09,204587,296918,150125
2023-08-10,212273,301607,150869
2023-08-11,203489,291467,151683
2023-08-12,200928,286965,152457
2023-08-13,196660,281349,153158
2023-08-14,212590,300092,153911
2023-08-15,203615,289497,154652
2023-08-16,195538,279769,155406
2023-08-17,196956,280858,156067
2023-08-18,190612,271152,156792
2023-08-19,194027,273390,157504
2023-08-20,183668,260271,158269
2023-08-21,197794,281970,158992
2023-08-22,193683,272952,159687
2023-08-23,194261,274576,160340
2023-08-24,190458,268823,160931
2023-08-25,180576,256857,161575
2023-08-26,185164,261079,162272
2023-08-27,181643,255717,162991
2023-08-28,193679,273589,163639
2023-08-29,167523,235108,164092
2023-08-30,174042,244256,164577
2023-08-31,177605,249905,165119
2023-09-01,179348,249734,165736
2023-09-02,192647,269619,166466
2023-09-03,197087,276271,167221
2023-09-04,192456,269302,167818
2023-09-05,198493,278778,168328
2023-09-06,193259,269154,168823
2023-09-07,192920,268403,169264
2023-09-08,178682,252889,169705
2023-09-09,210335,298154,170394
2023-09-10,214214,307449,171121
2023-09-11,193717,273766,171619
2023-09-12,199200,280668,172125
2023-09-13,203297,287340,172666
2023-09-14,198669,280801,173169
2023-09-15,190802,268381,173712
2023-09-16,211262,298974,174451
2023-09-17,212702,304678,175203
2023-09-18,192086,272725,175666
2023-09-19,196424,276208,176154
2023-09-20,188350,266528,176657
2023-09-21,188241,268262,177213
2023-09-22,192499,283004,177935
2023-09-23,205684,299640,178752
2023-09-24,215389,314261,179547
2023-09-25,199339,291227,180173
2023-09-26,198654,287158,180734
2023-09-27,200102,287961,181223
2023-09-28,203914,294384,181818
2023-09-29,202014,291691,182364
2023-09-30,219288,315636,183083
2023-10-01,212028,310940,183722
2023-10-02,196544,285137,184239
2023-10-03,201125,290263,184745
2023-10-04,193849,279627,185299
2023-10-05,223878,323747,186017
2023-10-06,201246,289779,186588
2023-10-07,218617,317759,187359
2023-10-08,230470,336958,188158
2023-10-09,217086,314030,188717
2023-10-10,214824,314873,189259
2023-10-11,216151,314640,189828
2023-10-12,220342,319701,190321
2023-10-13,221979,315132,190902
2023-10-14,233548,336393,191647
2023-10-15,245876,352663,192360
2023-10-16,233504,335494,192887
2023-10-17,230153,328593,193436
2023-10-18,219959,316472,193930
2023-10-19,214005,308718,194446
2023-10-20,209474,298756,194970
2023-10-21,232665,336699,195745
2023-10-22,245263,356284,196493
2023-10-23,225357,325684,197027
2023-10-24,227232,331259,197537
2023-10-25,235454,341621,198076
2023-10-26,238070,343277,198583
2023-10-27,235859,330874,199112
2023-10-28,241893,340072,199817
2023-10-29,209617,300471,200486
2023-10-30,207820,297170,201101
2023-10-31,218720,311717,201680
2023-11-01,207075,290622,202253
2023-11-02,202411,282798,202891
2023-11-03,218504,304316,203535
2023-11-04,210858,294955,204210
2023-11-05,219498,307944,204804
2023-11-06,200409,280403,205371
2023-11-07,200426,279752,205905
2023-11-08,204135,285274,206372
2023-11-09,197608,275511,206794
2023-11-10,196711,271603,207293
2023-11-11,209753,292766,207910
2023-11-12,219651,315204,208580
2023-11-13,201112,288489,209049
2023-11-14,208121,297217,209503
2023-11-15,204745,293721,209945
2023-11-16,202870,291148,210423
2023-11-17,200199,283230,210910
2023-11-18,213288,304078,211505
2023-11-19,211705,305120,212094
2023-11-20,208650,299259,212627
2023-11-21,212564,303944,213057
2023-11-22,216518,309759,213529
2023-11-23,213440,304670,213970
2023-11-24,208151,298458,214497
2023-11-25,218649,311321,215122
2023-11-26,219020,312902,215756
2023-11-27,236291,338402,216374
2023-11-28,208825,298948,216817
2023-11-29,212102,305425,217518
2023-11-30,212030,306128,218560
2023-12-01,203069,294488,219390
2023-12-02,217128,316530,220455
2023-12-03,221696,324669,221309
2023-12-04,209608,304042,221881
2023-12-05,204069,295078,222401
2023-12-06,220085,319879,223022
2023-12-07,200275,288420,223563
2023-12-08,222791,324479,224258
2023-12-09,216501,313418,224896
2023-12-10,223287,324755,225560
2023-12-11,211758,305548,226039
2023-12-12,212444,307570,226577
2023-12-13,208682,302196,227098
2023-12-14,202175,294333,227605
2023-12-15,197682,287247,228195
2023-12-16,208150,305293,228861
2023-12-17,210152,309273,229560
2023-12-18,216381,317209,230264
2023-12-19,219681,321685,230916
2023-12-20,219560,321716,231538
2023-12-21,221296,322936,232174
2023-12-22,220743,325446,232861
2023-12-23,218028,320413,233484
2023-12-24,195528,282266,234031
2023-12-25,168139,247553,234580
2023-12-26,202660,299181,235261
2023-12-27,218671,321550,235957
2023-12-28,221701,325524,236610
2023-12-29,223741,330652,237174
2023-12-30,217444,319384,237758
2023-12-31,213017,305479,238289
2024-01-01,169672,251470,238746
2024-01-02,214296,316738,239417
2024-01-03,205005,302287,240011
2024-01-04,205824,302324,240563
2024-01-05,202176,298492,241107
2024-01-06,212496,309521,241818
2024-01-07,217946,320801,242504
2024-01-08,202032,298403,243062
2024-01-09,208478,304743,243611
2024-01-10,193131,281751,244149
2024-01-11,185690,272739,244662
2024-01-12,174145,256031,245230
2024-01-13,183991,270076,245999
2024-01-14,186725,275721,246683
2024-01-15,173684,253647,247054
2024-01-16,174505,256611,247517
2024-01-17,179525,264708,248038
2024-01-18,177560,260856,248501
2024-01-19,161838,237046,249026
2024-01-20,176963,261366,249697
2024-01-21,181993,270993,250456
2024-01-22,171534,254305,251016
2024-01-23,164900,244168,251550
2024-01-24,176512,259962,252171
2024-01-25,173710,255478,252738
2024-01-26,176881,259091,253318
2024-01-27,175238,255871,253933
2024-01-28,169886,249421,254517
2024-01-29,173441,256569,255046
2024-01-30,174026,257097,255571
2024-01-31,164104,241544,256035
2024-02-01,168343,247368,256465
2024-02-02,167229,245340,256955
2024-02-03,179724,262064,257620
2024-02-04,184044,271273,258251
2024-02-05,169042,250224,258730
2024-02-06,170791,249424,259193
2024-02-07,169622,250121,259660
2024-02-08,164385,239668,260145
2024-02-09,175255,255041,260712
2024-02-10,167543,244103,261298
2024-02-11,172194,254113,261902
2024-02-12,161577,239183,262333
2024-02-13,169688,250402,262813
2024-02-14,154246,225388,263212
2024-02-15,156852,231652,263668
2024-02-16,153244,224525,264182
2024-02-17,164552,240953,264798
2024-02-18,173819,256781,265413
2024-02-19,155075,227857,265818
2024-02-20,159507,233450,266213
2024-02-21,161946,236677,266593
2024-02-22,166566,239160,267040
2024-02-23,160368,232549,267454
2024-02-24,168000,244067,267951
2024-02-25,172054,252739,268463
2024-02-26,157300,229783,268852
2024-02-27,157120,229160,269250
2024-02-28,155392,227496,269646
2024-02-29,158670,233351,270081
2024-03-01,157158,227707,270504
2024-03-02,170089,248991,271114
2024-03-03,180345,265662,271719
2024-03-04,161247,236330,272088
2024-03-05,163704,239622,272528
2024-03-06,154889,227171,272952
2024-03-07,153785,234405,273591
2024-03-08,152556,238478,274374
2024-03-09,163882,254343,275191
2024-03-10,169328,262352,275897
2024-03-11,153286,237415,276486
2024-03-12,157831,244492,277041
2024-03-13,162413,246726,277537
2024-03-14,163826,248771,278058
2024-03-15,155007,233163,278623
2024-03-16,166654,250467,279255
2024-03-17,172750,258816,279948
2024-03-18,159096,239983,280425
2024-03-19,159948,238337,280852
2024-03-20,157572,236401,281327
2024-03-21,160090,237225,281783
2024-03-22,152415,225585,282286
2024-03-23,166083,246409,282937
2024-03-24,170032,253741,283619
2024-03-25,155710,233651,284099
2024-03-26,153709,230541,284543
2024-03-27,159928,235408,285130
2024-03-28,151150,222141,285681
2024-03-29,138649,204964,286242
2024-03-30,148347,216722,286771
2024-03-31,153408,225717,287265
2024-04-01,147516,219054,287682
2024-04-02,148744,219065,288223
2024-04-03,153950,225483,288755
2024-04-04,158624,232020,289332
2024-04-05,154368,225283,289949
2024-04-06,152363,223414,290652
2024-04-07,155623,228225,291370
2024-04-08,156870,229176,292057
2024-04-09,162196,236648,292714
2024-04-10,171544,249586,293423
2024-04-11,154199,224920,293984
2024-04-12,151056,217921,294546
2024-04-13,152619,218840,295224
2024-04-14,157656,229793,295896
2024-04-15,164778,239663,296616
2024-04-16,179921,263842,297328
2024-04-17,161109,235587,297967
2024-04-18,160153,233761,298547
2024-04-19,149445,218003,299122
2024-04-20,149811,217544,299769
2024-04-21,157979,231320,300399
2024-04-22,153673,225114,300991
2024-04-23,158646,231142,301558
2024-04-24,162161,236759,302673
2024-04-25,164252,238055,304106
2024-04-26,155256,225523,305418
2024-04-27,155556,226937,306805
2024-04-28,152241,221570,308214
2024-04-29,156015,228853,309653
2024-04-30,156338,230434,311127
2024-05-01,166522,246007,312640
2024-05-02,158952,232057,313170
2024-05-03,155140,226100,313615
2024-05-04,156658,227646,314116
2024-05-05,164003,242377,314647
2024-05-06,153408,226079,315118
2024-05-07,158438,232058,315578
2024-05-08,155694,227576,316075
2024-05-09,150943,222097,316557
2024-05-10,149751,218675,316999
2024-05-11,150789,221713,317553
2024-05-12,152807,225119,318090
2024-05-13,146227,216248,318543
2024-05-14,151041,223939,319036
2024-05-15,151784,221894,319496
2024-05-16,145383,214870,320029
2024-05-17,145217,217052,320481
2024-05-18,150460,223541,321013
2024-05-19,143912,215466,321497
2024-05-20,138495,205516,321954
2024-05-21,139934,205002,322385
2024-05-22,135624,199475,322818
2024-05-23,135374,197824,323271
2024-05-24,138454,202442,323687
2024-05-25,142729,210033,324142
2024-05-26,131356,193820,324626
2024-05-27,132876,196532,325047
2024-05-28,142377,207985,325482
2024-05-29,140040,203924,325907
2024-05-30,132241,192440,326330
2024-05-31,125239,182910,326805
2024-06-01,125342,180632,327258
2024-06-02,123274,179181,327716
2024-06-03,129134,188014,328266
2024-06-04,127636,184764,328763
2024-06-05,129609,188577,329271
2024-06-06,130988,189393,329936
2024-06-07,126914,185752,330405
2024-06-08,122938,178053,330948
2024-06-09,120737,175240,331544
2024-06-10,132980,194944,332143
2024-06-11,134341,193617,332726
2024-06-12,134104,194138,333240
2024-06-13,131132,190209,333777
2024-06-14,129462,185700,334278
2024-06-15,128051,182883,334824
2024-06-16,124725,179406,335335
2024-06-17,135116,195381,335830
2024-06-18,134446,195776,336351
2024-06-19,133562,194354,336878
2024-06-20,134823,193866,337402
2024-06-21,136914,196854,337980
2024-06-22,136138,193983,338477
2024-06-23,129034,184686,338993
2024-06-24,133887,191975,339524
2024-06-25,130810,187702,340073
2024-06-26,137160,194384,340558
2024-06-27,129627,183495,341062
2024-06-28,128768,181345,341544
2024-06-29,122607,175590,341950
2024-06-30,120994,173068,342413
2024-07-01,130136,188678,342890
2024-07-02,128557,185828,343402
2024-07-03,131414,189524,343940
2024-07-04,133524,193184,344443
2024-07-05,134867,191940,344942
2024-07-06,130361,184945,345397
2024-07-07,124218,176948,345896
2024-07-08,132221,188276,346326
2024-07-09,132507,187057,346827
2024-07-10,133218,190738,347311
2024-07-11,134503,193172,347797
2024-07-12,131188,185086,348260
2024-07-13,125527,176207,348745
2024-07-14,127924,182083,349247
2024-07-15,137088,196151,349713
2024-07-16,137108,193293,350193
2024-07-17,144609,203819,350661
2024-07-18,142777,200642,351144
2024-07-19,134342,187677,351611
2024-07-20,130833,184393,352098
2024-07-21,127735,180748,352519
2024-07-22,130552,185102,352943
2024-07-23,137042,194431,353367
2024-07-24,132813,186436,353790
2024-07-25,140496,199864,354250
2024-07-26,142915,201502,354738
2024-07-27,149544,211274,355172
2024-07-28,145374,205256,355633
2024-07-29,136056,192780,356025
2024-07-30,139557,198632,356401
2024-07-31,141784,199920,356802
2024-08-01,141580,200088,357158
2024-08-02,134389,188882,358539
2024-08-03,147654,206205,361002
2024-08-04,157431,219379,363535
2024-08-05,148011,205590,365385
2024-08-06,159812,222451,367352
2024-08-07,158925,221586,369266
2024-08-08,156747,217825,371266
2024-08-09,143993,200100,373286
2024-08-10,163983,227904,375785
2024-08-11,177218,245133,378413
2024-08-12,152862,214011,380353
2024-08-13,157997,219734,382376
2024-08-14,153977,214665,384444
2024-08-15,157973,222028,386577
2024-08-16,152640,213301,388527
2024-08-17,168744,238238,390868
2024-08-18,177834,250663,393162
2024-08-19,167930,237800,395035
2024-08-20,171171,242202,396635
2024-08-21,164173,233217,397929
2024-08-22,159569,223764,399150
2024-08-23,169544,241328,400828
2024-08-24,170170,239418,402396
2024-08-25,168208,237669,403899
2024-08-26,186670,263946,405463
2024-08-27,163645,229416,406640
2024-08-28,175689,248291,408016
2024-08-29,167876,237021,409231
2024-08-30,157608,224563,410493
2024-08-31,171662,244024,412097
2024-09-01,176047,251088,413703
2024-09-02,160495,232150,415335
2024-09-03,172715,247570,416951
2024-09-04,169233,238590,419184
2024-09-05,170923,240399,421331
2024-09-06,163583,231948,423414
2024-09-07,175837,246283,425951
2024-09-08,186771,261949,428421
2024-09-09,156058,221790,430331
2024-09-10,159766,227522,432279
2024-09-11,161749,229535,434287
2024-09-12,164548,229565,435942
2024-09-13,153092,215313,437025
2024-09-14,164276,233136,437784
2024-09-15,170622,243615,438492
2024-09-16,157338,225164,439132
2024-09-17,175210,250286,439843
2024-09-18,176599,253689,440526
2024-09-19,175331,251838,441182
2024-09-20,163130,234602,441847
2024-09-21,180642,258310,442712
2024-09-22,203040,288967,443565
2024-09-23,171917,249318,444172
2024-09-24,167299,242480,444756
2024-09-25,164031,237731,445314
2024-09-26,161808,233606,445874
2024-09-27,154797,221241,446430
2024-09-28,166136,236234,447167
2024-09-29,172835,247208,447871
2024-09-30,160697,233037,448470
2024-10-01,166862,240850,449065
2024-10-02,162024,233024,449633
2024-10-03,162220,232708,450175
2024-10-04,162625,230938,450894
2024-10-05,160248,227824,451630
2024-10-06,172032,244211,452335
2024-10-07,162793,230712,452870
2024-10-08,163492,231267,453422
2024-10-09,162439,229042,453970
2024-10-10,155307,218328,454533
2024-10-11,146506,205995,455083
2024-10-12,154003,219961,455859
2024-10-13,170930,242126,456655
2024-10-14,160353,226252,457241
2024-10-15,158154,221119,457807
2024-10-16,152698,216473,458414
2024-10-17,153286,214693,459088
2024-10-18,139283,193587,459679
2024-10-19,157247,223967,460475
2024-10-20,158216,227201,461225
2024-10-21,158745,225608,461832
2024-10-22,155323,218620,462440
2024-10-23,151305,217444,463193
2024-10-24,132776,188017,463929
2024-10-25,141808,202075,464632
2024-10-26,144562,207436,465398
2024-10-27,156321,228636,466120
2024-10-28,150373,221797,466730
2024-10-29,153862,225881,467360
2024-10-30,154379,228733,468025
2024-10-31,152626,223279,468710
2024-11-01,147751,214099,469427
2024-11-02,149616,215917,470082
2024-11-03,156536,228300,470791
2024-11-04,149659,217832,471230
2024-11-05,148611,214431,471719
2024-11-06,146986,212991,472220
2024-11-07,152857,220281,472764
2024-11-08,149012,217213,473301
2024-11-09,162557,237653,473973
2024-11-10,168781,246529,474594
2024-11-11,170559,246020,475231
2024-11-12,166377,239227,475777
2024-11-13,160119,228123,476255
2024-11-14,158024,227708,476771
2024-11-15,142104,206072,477328
2024-11-16,148011,213733,477937
2024-11-17,148950,215343,478521
2024-11-18,167451,243466,479114
2024-11-19,150830,218201,479585
2024-11-20,146722,209594,480042
2024-11-21,147999,212148,480512
2024-11-22,137348,199857,481019
2024-11-23,140378,205179,481618
2024-11-24,147326,212402,482243
2024-11-25,141154,206676,482776
2024-11-26,145848,210833,483322
2024-11-27,139472,202468,483854
2024-11-28,138588,200331,484418
2024-11-29,142972,206435,484948
2024-11-30,147667,212581,485571
2024-12-01,197433,272163,486202
2024-12-02,184816,257672,486704
2024-12-03,176289,245978,487051
2024-12-04,194332,268041,487640
2024-12-05,183385,255580,488411
2024-12-06,176318,243957,488948
2024-12-07,201444,276206,489491
2024-12-08,217187,298224,490173
2024-12-09,192029,268511,490760
2024-12-10,195136,270854,491187
2024-12-11,192162,266496,491714
2024-12-12,197029,270276,492191
2024-12-13,200169,272057,492685
2024-12-14,211249,285181,493313
2024-12-15,191509,266128,493787
2024-12-16,184780,255788,494447
2024-12-17,189732,259326,495102
2024-12-18,179569,246733,495556
2024-12-19,171782,236938,495951
2024-12-20,185549,255508,496607
2024-12-21,184081,252730,497280
2024-12-22,178259,247047,497810
2024-12-23,198484,271390,498515
2024-12-24,172172,232064,499103
2024-12-25,153296,210383,499620
2024-12-26,186114,251445,500320
2024-12-27,177983,244122,501056
2024-12-28,170573,234992,501877
2024-12-29,190229,257192,502610
2024-12-30,188383,255243,503286
2024-12-31,165887,219843,503930
2025-01-01,143358,198971,504495
2025-01-02,177137,241118,505361
2025-01-03,177692,242458,506148
2025-01-04,169831,233101,506728
2025-01-05,174346,239806,507301
2025-01-06,178114,244061,508046
2025-01-07,183212,248028,508645
2025-01-08,177635,242273,509096
2025-01-09,167182,232343,509625
2025-01-10,158077,220092,509964
2025-01-11,173543,238628,510475
2025-01-12,176816,245677,511210
2025-01-13,171746,238701,511808
2025-01-14,187406,253782,512643
2025-01-15,200370,268846,513210
2025-01-16,178693,243959,513809
2025-01-17,169673,235511,514225
2025-01-18,190381,264170,514971
2025-01-19,191755,267410,515658
2025-01-20,196668,269118,516036
2025-01-21,186737,258900,516362
2025-01-22,178054,245678,516688
2025-01-23,200550,275466,517270
2025-01-24,198858,273516,517920
2025-01-25,197946,276091,518498
2025-01-26,198130,278464,519239
2025-01-27,202655,282059,519752
2025-01-28,186447,259231,520278
2025-01-29,213329,298746,521036
2025-01-30,185255,271734,522098
2025-01-31,196128,296773,522816
2025-02-01,215490,319050,523738
2025-02-02,235255,347352,524537
2025-02-03,221330,325621,525127
2025-02-04,209653,302535,525733
2025-02-05,215767,311815,526281
2025-02-06,227003,327997,526829
2025-02-07,234394,337236,527366
2025-02-08,236562,340249,527988
2025-02-09,242210,347365,528633
2025-02-10,221543,326225,529157
2025-02-11,231192,334302,529654
2025-02-12,226030,330427,530250
2025-02-13,228568,334817,530775
2025-02-14,188622,284359,531283
2025-02-15,222352,324018,532007
2025-02-16,242814,357246,532740
2025-02-17,229322,337683,533337
2025-02-18,225630,331936,533932
2025-02-19,222176,322975,534518
2025-02-20,215639,313124,535107
2025-02-21,223656,322140,535680
2025-02-22,222223,320632,536285
2025-02-23,229777,335771,536937
2025-02-24,225861,327343,537451
2025-02-25,230811,331529,537961
2025-02-26,204197,301867,538405
2025-02-27,207177,298814,538911
2025-02-28,197800,286522,539439
2025-03-01,221507,318145,540122
2025-03-02,218257,316853,540765
2025-03-03,218389,318256,541166
2025-03-04,233769,336205,541691
2025-03-05,213624,302055,542195
2025-03-06,221850,323390,542667
2025-03-07,207775,300620,543193
2025-03-08,233049,339580,543850
2025-03-09,243698,349589,544488
2025-03-10,240028,340153,545005
2025-03-11,247555,358852,545522
2025-03-12,243903,359924,546033
2025-03-13,273654,404281,546581
2025-03-14,247017,368646,547173
2025-03-15,264174,395125,547809
2025-03-16,296669,453931,548566
2025-03-17,290257,464641,549250
2025-03-18,296258,441377,549764
2025-03-19,284825,426634,550246
2025-03-20,283670,417403,550743
2025-03-21,263486,385888,551291
2025-03-22,272983,399393,551937
2025-03-23,283002,411529,552676
2025-03-24,269386,400632,553144
2025-03-25,271005,406753,553708
2025-03-26,267494,400390,554257
2025-03-27,259645,388429,554695
2025-03-28,263706,389171,555266
2025-03-29,294509,443996,555895
2025-03-30,294118,439309,556606
2025-03-31,280529,412085,557056
2025-04-01,293450,435808,557520
2025-04-02,268707,395207,557931
2025-04-03,291776,429699,558392
2025-04-04,267001,392301,558851
2025-04-05,281183,419306,559361
2025-04-06,298618,442926,559904
2025-04-07,300344,446646,560384
2025-04-08,288306,421307,560947
2025-04-09,336412,486754,561535
2025-04-10,319483,450428,562075
2025-04-11,290879,420338,562570
2025-04-12,299253,430179,563189
2025-04-13,268567,391192,563594
2025-04-14,271357,385366,563989
2025-04-15,262097,384289,564460
2025-04-16,246419,359072,565000
2025-04-17,269799,401534,565521
2025-04-18,233282,345114,565911
2025-04-19,234736,337165,566336
2025-04-20,256941,374876,566729
2025-04-21,254789,379060,567217
2025-04-22,274705,396351,568007
2025-04-23,273091,394045,568786
2025-04-24,253915,370133,569289
2025-04-25,248466,357955,569666
2025-04-26,243793,352807,570141
2025-04-27,235473,341389,570527
2025-04-28,245734,360211,570969
2025-04-29,235811,346186,571319
2025-04-30,223323,328535,571794
2025-05-01,237005,352390,572258
2025-05-02,229527,344461,572911
2025-05-03,216298,323856,573885
2025-05-04,226672,342783,574385
2025-05-05,232926,351381,574776
2025-05-06,224762,329074,575292
2025-05-07,215619,312637,575761
2025-05-08,218650,323157,576170
2025-05-09,218044,326887,576664
2025-05-10,217238,318181,577147
2025-05-11,212622,308344,577682
2025-05-12,211494,310726,578108
2025-05-13,222924,332570,578607
2025-05-14,233680,349277,579228
2025-05-15,220876,329449,579815
2025-05-16,223839,328824,580674
2025-05-17,225440,330387,581213
2025-05-18,244368,357879,581619
2025-05-19,231915,339962,582042
2025-05-20,220621,327424,582422
2025-05-21,237789,351139,582993
2025-05-22,223635,327044,583908
2025-05-23,215231,313988,584685
2025-05-24,219572,320352,585660
2025-05-25,216280,318250,586581
2025-05-26,216683,322483,587214
2025-05-27,218481,322228,587709
2025-05-28,214141,315176,588161
2025-05-29,207988,303977,588538
2025-05-30,205104,297293,588927
2025-05-31,209027,300406,589855
2025-06-01,210438,313115,590313
2025-06-02,234010,351982,590773
2025-06-03,236041,351393,591180
2025-06-04,224234,325623,591694
2025-06-05,224966,324846,592125
2025-06-06,217754,320995,592609
2025-06-07,229166,340254,593057
2025-06-08,206309,304717,593480
2025-06-09,232715,342190,593902
2025-06-10,233793,339034,594319
2025-06-11,231309,340825,594768
2025-06-12,235674,345564,595170
2025-06-13,230696,332040,595528
2025-06-14,222501,313172,595913
2025-06-15,234898,335616,596322
2025-06-16,219302,321258,596646
2025-06-17,221438,324956,596998
2025-06-18,227020,325058,597363
2025-06-19,248633,357475,597716
2025-06-20,247421,359390,597969
2025-06-21,241028,345081,598221
2025-06-22,243682,343801,598483
2025-06-23,237477,338943,598755
2025-06-24,249895,359058,599198
2025-06-25,245750,355378,599627
2025-06-26,263524,376564,600043
2025-06-27,242106,342299,600476
2025-06-28,248555,345252,600850
2025-06-29,233371,328186,601362
2025-06-30,253082,359815,601635
2025-07-01,220908,314012,601915
2025-07-02,222782,316595,602228
2025-07-03,226227,322061,602583
2025-07-04,225399,319145,602955
2025-07-05,250383,354679,603378
2025-07-06,241369,338267,603933
2025-07-07,216591,306857,604297
2025-07-08,222931,315643,604662
2025-07-09,231777,326504,605105
2025-07-10,224374,315183,605450
2025-07-11,208508,292327,605854
2025-07-12,227353,319462,606380
2025-07-13,243330,340654,606877
2025-07-14,228529,326125,607178
2025-07-15,208237,288753,607569
2025-07-16,210963,293481,607910
2025-07-17,210527,295889,608315
2025-07-18,226271,324338,608772
2025-07-19,213162,300692,609206
2025-07-20,213447,300134,609765
2025-07-21,198964,281630,610177
2025-07-22,202949,282668,610521
2025-07-23,218664,303471,610888
2025-07-24,206327,288903,611227
2025-07-25,201676,280612,611819
2025-07-26,204256,284279,612224
2025-07-27,218024,306529,612692
2025-07-28,209087,293628,613028
2025-07-29,204384,285074,613409
2025-07-30,209151,294858,613828
2025-07-31,208681,290526,614205
2025-08-01,204088,281005,614692
2025-08-02,219371,303075,615236
2025-08-03,217031,299139,615844
2025-08-04,215134,298390,616252
2025-08-05,215866,295812,616619
2025-08-06,191774,265459,616875
2025-08-07,212107,294271,617274
2025-08-08,198519,275394,617677
2025-08-09,222452,306145,618116
2025-08-10,226863,312775,618563
2025-08-11,205821,293376,618951
2025-08-12,216330,300027,619324
2025-08-13,222870,305092,619845
2025-08-14,213455,297535,620341
2025-08-15,201538,277158,620818
2025-08-16,229908,312232,621379
2025-08-17,226935,309338,621982
2025-08-18,194854,267121,622431
2025-08-19,191232,262513,622860
2025-08-20,184153,249560,623234
2025-08-21,222103,303805,623792
2025-08-22,201289,281606,624236
2025-08-23,204859,286416,624958
2025-08-24,186386,255959,625510
2025-08-25,200824,278635,626099
2025-08-26,193557,266026,626468
2025-08-27,198198,276672,626851
2025-08-28,201910,284796,627282
2025-08-29,190485,271617,627776
2025-08-30,199824,280845,628441
2025-08-31,204932,286873,628998
2025-09-01,245049,392139,629469
2025-09-02,249573,384495,629869
2025-09-03,216162,329783,630262
2025-09-04,236660,360199,630783
2025-09-05,230939,337826,631408
2025-09-06,246158,361942,632146
2025-09-07,260172,381559,632909
2025-09-08,240980,358067,633408
2025-09-09,259038,380837,633952
2025-09-10,276095,399045,634820
2025-09-11,266491,384129,635695
2025-09-12,244127,351826,636627
2025-09-13,259970,376689,637679
2025-09-14,265155,378651,638698
2025-09-15,261629,379835,639534
2025-09-16,277234,406248,640508
2025-09-17,269461,393343,641611
2025-09-18,255891,390650,642546
2025-09-19,241766,357835,643426
2025-09-20,245928,362269,644580
2025-09-21,234479,341275,645766
2025-09-22,236697,351844,646834
2025-09-23,234093,349954,647818
2025-09-24,222637,327730,648699
2025-09-25,232331,336052,649586
2025-09-26,221913,327389,650543
2025-09-27,223440,329475,651577
2025-09-28,226288,333275,652686
2025-09-29,228478,335160,653582
2025-09-30,227972,329518,654368
2025-10-01,212922,320517,655173
2025-10-02,225623,340654,656036
2025-10-03,241770,361009,656979
2025-10-04,239011,352635,657995
2025-10-05,271969,405080,659031
2025-10-06,229447,333506,659814
2025-10-07,234766,343426,660583
2025-10-08,222299,334800,661489
2025-10-09,225113,331730,662348
2025-10-10,206017,301507,663188
2025-10-11,223096,327094,664213
2025-10-12,243248,366939,665227
2025-10-13,244186,373040,666187
2025-10-14,268081,414848,667146
2025-10-15,248049,370149,668110
2025-10-16,238768,360778,669154
2025-10-17,238226,354493,670040
2025-10-18,236817,352733,670999
2025-10-19,251486,375060,672035
2025-10-20,254537,381124,672908
2025-10-21,256040,384507,673696
2025-10-22,258973,393292,674519
2025-10-23,254058,379007,675321
2025-10-24,223702,325776,676066
2025-10-25,225125,330682,676974
2025-10-26,229323,349098,677966
2025-10-27,233196,365171,678886
2025-10-28,247036,371613,679849
2025-10-29,248143,372033,680725
2025-10-30,254701,396369,681739
2025-10-31,240223,365734,682728
