Date,Views
2020-06-10,3342
2020-06-11,3143
2020-06-12,2954
2020-06-13,3281
2020-06-14,3422
2020-06-15,3884
2020-06-16,3316
2020-06-17,3448
2020-06-18,3023
2020-06-19,3078
2020-06-20,2763
2020-06-21,2527
2020-06-22,2283
2020-06-23,2315
2020-06-24,2147
2020-06-25,1876
2020-06-26,1901
2020-06-27,1641
2020-06-28,1762
2020-06-29,1659
2020-06-30,1913
2020-07-01,1541
2020-07-02,1342
2020-07-03,1271
2020-07-04,1909
2020-07-05,3224
2020-07-06,2468
2020-07-07,2081
2020-07-08,2163
2020-07-09,1922
2020-07-10,1696
2020-07-11,2108
2020-07-12,1725
2020-07-13,1645
2020-07-14,1670
2020-07-15,1661
2020-07-16,1498
2020-07-17,1338
2020-07-18,1215
2020-07-19,1112
2020-07-20,1144
2020-07-21,1110
2020-07-22,1076
2020-07-23,1053
2020-07-24,979
2020-07-25,1213
2020-07-26,877
2020-07-27,894
2020-07-28,847
2020-07-29,863
2020-07-30,903
2020-07-31,828
2020-08-01,805
2020-08-02,863
2020-08-03,841
2020-08-04,921
2020-08-05,901
2020-08-06,834
2020-08-07,749
2020-08-08,772
2020-08-09,910
2020-08-10,788
2020-08-11,828
2020-08-12,865
2020-08-13,788
2020-08-14,799
2020-08-15,794
2020-08-16,764
2020-08-17,772
2020-08-18,806
2020-08-19,735
2020-08-20,729
2020-08-21,705
2020-08-22,753
2020-08-23,753
2020-08-24,580
2020-08-25,714
2020-08-26,785
2020-08-27,713
2020-08-28,556
2020-08-29,621
2020-08-30,669
2020-08-31,697
2020-09-01,742
2020-09-02,723
2020-09-03,723
2020-09-04,634
2020-09-05,624
2020-09-06,625
2020-09-07,721
2020-09-08,713
2020-09-09,722
2020-09-10,742
2020-09-11,702
2020-09-12,663
2020-09-13,726
2020-09-14,724
2020-09-15,721
2020-09-16,691
2020-09-17,699
2020-09-18,564
2020-09-19,578
2020-09-20,696
2020-09-21,660
2020-09-22,623
2020-09-23,578
2020-09-24,679
2020-09-25,558
2020-09-26,540
2020-09-27,678
2020-09-28,685
2020-09-29,735
2020-09-30,792
2020-10-01,827
2020-10-02,800
2020-10-03,719
2020-10-04,697
2020-10-05,1303
2020-10-06,1406
2020-10-07,1215
2020-10-08,980
2020-10-09,870
2020-10-10,810
2020-10-11,853
2020-10-12,842
2020-10-13,885
2020-10-14,828
2020-10-15,798
2020-10-16,702
2020-10-17,627
2020-10-18,647
2020-10-19,707
2020-10-20,868
2020-10-21,751
2020-10-22,797
2020-10-23,683
2020-10-24,615
2020-10-25,650
2020-10-26,680
2020-10-27,633
2020-10-28,694
2020-10-29,596
2020-10-30,649
2020-10-31,538
2020-11-01,612
2020-11-02,623
2020-11-03,627
2020-11-04,684
2020-11-05,652
2020-11-06,614
2020-11-07,541
2020-11-08,566
2020-11-09,573
2020-11-10,519
2020-11-11,403
2020-11-12,508
2020-11-13,436
2020-11-14,443
2020-11-15,512
2020-11-16,526
2020-11-17,549
2020-11-18,529
2020-11-19,513
2020-11-20,503
2020-11-21,550
2020-11-22,1147
2020-11-23,813
2020-11-24,706
2020-11-25,653
2020-11-26,635
2020-11-27,606
2020-11-28,770
2020-11-29,699
2020-11-30,699
2020-12-01,747
2020-12-02,793
2020-12-03,648
2020-12-04,572
2020-12-05,642
2020-12-06,584
2020-12-07,627
2020-12-08,575
2020-12-09,521
2020-12-10,481
2020-12-11,443
2020-12-12,637
2020-12-13,475
2020-12-14,523
2020-12-15,492
2020-12-16,512
2020-12-17,491
2020-12-18,513
2020-12-19,1155
2020-12-20,1440
2020-12-21,907
2020-12-22,798
2020-12-23,717
2020-12-24,643
2020-12-25,521
2020-12-26,545
2020-12-27,744
2020-12-28,579
2020-12-29,568
2020-12-30,510
2020-12-31,486
2021-01-01,483
2021-01-02,596
2021-01-03,487
2021-01-04,587
2021-01-05,587
2021-01-06,644
2021-01-07,653
2021-01-08,565
2021-01-09,533
2021-01-10,669
2021-01-11,651
2021-01-12,568
2021-01-13,579
2021-01-14,682
2021-01-15,571
2021-01-16,440
2021-01-17,428
2021-01-18,638
2021-01-19,499
2021-01-20,626
2021-01-21,585
2021-01-22,612
2021-01-23,578
2021-01-24,590
2021-01-25,640
2021-01-26,554
2021-01-27,625
2021-01-28,810
2021-01-29,678
2021-01-30,619
2021-01-31,758
2021-02-01,629
2021-02-02,701
2021-02-03,817
2021-02-04,754
2021-02-05,654
2021-02-06,586
2021-02-07,821
2021-02-08,821
2021-02-09,829
2021-02-10,1013
2021-02-11,1176
2021-02-12,1070
2021-02-13,3485
2021-02-14,4799
2021-02-15,3420
2021-02-16,2894
2021-02-17,2533
2021-02-18,2588
2021-02-19,2258
2021-02-20,1945
2021-02-21,1940
2021-02-22,2062
2021-02-23,1890
2021-02-24,1783
2021-02-25,1692
2021-02-26,1368
2021-02-27,1325
2021-02-28,1464
2021-03-01,1526
2021-03-02,1532
2021-03-03,1307
2021-03-04,1400
2021-03-05,1105
2021-03-06,1047
2021-03-07,1236
2021-03-08,1317
2021-03-09,1226
2021-03-10,1349
2021-03-11,1187
2021-03-12,1288
2021-03-13,1069
2021-03-14,1134
2021-03-15,1214
2021-03-16,1055
2021-03-17,1147
2021-03-18,1067
2021-03-19,975
2021-03-20,943
2021-03-21,1065
2021-03-22,997
2021-03-23,1136
2021-03-24,1165
2021-03-25,1023
2021-03-26,1069
2021-03-27,1013
2021-03-28,1029
2021-03-29,1011
2021-03-30,1006
2021-03-31,1104
2021-04-01,976
2021-04-02,840
2021-04-03,913
2021-04-04,961
2021-04-05,890
2021-04-06,989
2021-04-07,1131
2021-04-08,1187
2021-04-09,1020
2021-04-10,1180
2021-04-11,1130
2021-04-12,1059
2021-04-13,1128
2021-04-14,1080
2021-04-15,1031
2021-04-16,884
2021-04-17,860
2021-04-18,910
2021-04-19,959
2021-04-20,960
2021-04-21,985
2021-04-22,811
2021-04-23,822
2021-04-24,860
2021-04-25,880
2021-04-26,972
2021-04-27,898
2021-04-28,969
2021-04-29,922
2021-04-30,944
2021-05-01,954
2021-05-02,1058
2021-05-03,1000
2021-05-04,886
2021-05-05,1013
2021-05-06,1088
2021-05-07,1086
2021-05-08,957
2021-05-09,936
2021-05-10,1037
2021-05-11,862
2021-05-12,958
2021-05-13,931
2021-05-14,908
2021-05-15,793
2021-05-16,892
2021-05-17,919
2021-05-18,753
2021-05-19,928
2021-05-20,961
2021-05-21,840
2021-05-22,799
2021-05-23,846
2021-05-24,1045
2021-05-25,1018
2021-05-26,945
2021-05-27,947
2021-05-28,895
2021-05-29,785
2021-05-30,819
2021-05-31,898
2021-06-01,900
2021-06-02,904
2021-06-03,877
2021-06-04,790
2021-06-05,851
2021-06-06,911
2021-06-07,861
2021-06-08,834
2021-06-09,774
2021-06-10,832
2021-06-11,766
2021-06-12,791
2021-06-13,799
2021-06-14,839
2021-06-15,773
2021-06-16,787
2021-06-17,833
2021-06-18,811
2021-06-19,707
2021-06-20,661
2021-06-21,706
2021-06-22,748
2021-06-23,830
2021-06-24,832
2021-06-25,772
2021-06-26,711
2021-06-27,792
2021-06-28,797
2021-06-29,781
2021-06-30,747
2021-07-01,711
2021-07-02,710
2021-07-03,722
2021-07-04,786
2021-07-05,742
2021-07-06,677
2021-07-07,677
2021-07-08,629
2021-07-09,654
2021-07-10,600
2021-07-11,647
2021-07-12,707
2021-07-13,617
2021-07-14,626
2021-07-15,510
2021-07-16,723
2021-07-17,668
2021-07-18,570
2021-07-19,645
2021-07-20,709
2021-07-21,653
2021-07-22,754
2021-07-23,669
2021-07-24,620
2021-07-25,736
2021-07-26,599
2021-07-27,719
2021-07-28,726
2021-07-29,845
2021-07-30,1765
2021-07-31,3968
2021-08-01,2219
2021-08-02,1629
2021-08-03,1438
2021-08-04,1549
2021-08-05,1490
2021-08-06,1597
2021-08-07,1481
2021-08-08,1522
2021-08-09,1332
2021-08-10,1289
2021-08-11,1113
2021-08-12,1241
2021-08-13,1230
2021-08-14,1053
2021-08-15,1176
2021-08-16,1255
2021-08-17,1119
2021-08-18,1173
2021-08-19,1317
2021-08-20,1034
2021-08-21,1115
2021-08-22,1132
2021-08-23,1112
2021-08-24,1080
2021-08-25,1076
2021-08-26,1151
2021-08-27,1101
2021-08-28,1066
2021-08-29,993
2021-08-30,1103
2021-08-31,994
2021-09-01,991
2021-09-02,1217
2021-09-03,1071
2021-09-04,1002
2021-09-05,937
2021-09-06,947
2021-09-07,1003
2021-09-08,1088
2021-09-09,925
2021-09-10,846
2021-09-11,881
2021-09-12,984
2021-09-13,1094
2021-09-14,1003
2021-09-15,1159
2021-09-16,1139
2021-09-17,914
2021-09-18,1081
2021-09-19,1090
2021-09-20,1237
2021-09-21,1344
2021-09-22,1317
2021-09-23,1237
2021-09-24,1281
2021-09-25,1286
2021-09-26,1276
2021-09-27,1375
2021-09-28,1457
2021-09-29,1429
2021-09-30,1637
2021-10-01,1670
2021-10-02,1546
2021-10-03,1632
2021-10-04,2062
2021-10-05,1937
2021-10-06,2081
2021-10-07,1948
2021-10-08,1818
2021-10-09,1897
2021-10-10,2017
2021-10-11,2066
2021-10-12,1963
2021-10-13,1844
2021-10-14,1977
2021-10-15,1926
2021-10-16,1873
2021-10-17,1728
2021-10-18,2313
2021-10-19,2143
2021-10-20,1973
2021-10-21,1893
2021-10-22,1715
2021-10-23,1683
2021-10-24,1751
2021-10-25,1885
2021-10-26,1851
2021-10-27,1842
2021-10-28,1792
2021-10-29,1752
2021-10-30,1678
2021-10-31,1642
2021-11-01,1569
2021-11-02,1772
2021-11-03,1630
2021-11-04,1594
2021-11-05,1619
2021-11-06,1347
2021-11-07,1609
2021-11-08,1643
2021-11-09,1523
2021-11-10,1635
2021-11-11,1688
2021-11-12,1530
2021-11-13,1417
2021-11-14,1505
2021-11-15,1643
2021-11-16,1518
2021-11-17,1589
2021-11-18,1598
2021-11-19,1523
2021-11-20,1562
2021-11-21,1600
2021-11-22,1696
2021-11-23,1657
2021-11-24,1695
2021-11-25,1700
2021-11-26,1721
2021-11-27,1487
2021-11-28,1528
2021-11-29,1542
2021-11-30,1504
2021-12-01,1621
2021-12-02,1521
2021-12-03,1299
2021-12-04,1429
2021-12-05,1461
2021-12-06,1548
2021-12-07,1675
2021-12-08,1690
2021-12-09,1794
2021-12-10,1736
2021-12-11,1584
2021-12-12,1659
2021-12-13,1935
2021-12-14,1630
2021-12-15,1674
2021-12-16,1473
2021-12-17,1479
2021-12-18,1407
2021-12-19,1488
2021-12-20,1843
2021-12-21,1614
2021-12-22,1651
2021-12-23,1587
2021-12-24,1346
2021-12-25,1144
2021-12-26,1260
2021-12-27,1372
2021-12-28,1445
2021-12-29,1467
2021-12-30,1392
2021-12-31,1189
2022-01-01,1300
2022-01-02,1552
2022-01-03,1561
2022-01-04,1714
2022-01-05,1736
2022-01-06,2020
2022-01-07,1820
2022-01-08,1619
2022-01-09,1853
2022-01-10,2066
2022-01-11,2153
2022-01-12,1927
2022-01-13,1858
2022-01-14,1749
2022-01-15,1745
2022-01-16,1675
2022-01-17,1731
2022-01-18,1755
2022-01-19,1630
2022-01-20,1748
2022-01-21,1710
2022-01-22,1667
2022-01-23,1775
2022-01-24,1750
2022-01-25,1707
2022-01-26,1988
2022-01-27,2036
2022-01-28,1868
2022-01-29,1576
2022-01-30,1696
2022-01-31,1745
2022-02-01,1544
2022-02-02,1760
2022-02-03,1736
2022-02-04,1787
2022-02-05,1622
2022-02-06,1837
2022-02-07,1876
2022-02-08,1811
2022-02-09,1718
2022-02-10,1567
2022-02-11,1645
2022-02-12,1427
2022-02-13,1533
2022-02-14,1515
2022-02-15,1551
2022-02-16,1626
2022-02-17,1471
2022-02-18,1479
2022-02-19,1359
2022-02-20,1440
2022-02-21,1640
2022-02-22,1570
2022-02-23,1975
2022-02-24,1468
2022-02-25,1502
2022-02-26,1400
2022-02-27,1529
2022-02-28,1568
2022-03-01,1666
2022-03-02,1711
2022-03-03,1805
2022-03-04,1704
2022-03-05,1280
2022-03-06,1649
2022-03-07,1581
2022-03-08,1581
2022-03-09,1678
2022-03-10,1805
2022-03-11,1502
2022-03-12,1440
2022-03-13,1482
2022-03-14,1655
2022-03-15,1646
2022-03-16,1622
2022-03-17,1562
2022-03-18,1525
2022-03-19,1412
2022-03-20,1439
2022-03-21,1773
2022-03-22,1860
2022-03-23,1745
2022-03-24,1812
2022-03-25,1489
2022-03-26,1456
2022-03-27,1514
2022-03-28,1621
2022-03-29,1600
2022-03-30,1408
2022-03-31,1369
2022-04-01,1344
2022-04-02,1373
2022-04-03,1298
2022-04-04,1464
2022-04-05,1502
2022-04-06,1640
2022-04-07,1499
2022-04-08,1503
2022-04-09,1246
2022-04-10,1409
2022-04-11,1275
2022-04-12,1402
2022-04-13,1202
2022-04-14,1210
2022-04-15,1155
2022-04-16,1080
2022-04-17,1263
2022-04-18,1403
2022-04-19,1399
2022-04-20,1402
2022-04-21,1367
2022-04-22,1355
2022-04-23,1097
2022-04-24,1374
2022-04-25,1458
2022-04-26,1428
2022-04-27,1397
2022-04-28,1338
2022-04-29,1411
2022-04-30,1234
2022-05-01,1354
2022-05-02,1427
2022-05-03,1312
2022-05-04,1412
2022-05-05,1578
2022-05-06,1380
2022-05-07,1348
2022-05-08,1227
2022-05-09,1145
2022-05-10,1353
2022-05-11,1431
2022-05-12,1510
2022-05-13,1454
2022-05-14,1398
2022-05-15,1352
2022-05-16,1654
2022-05-17,1751
2022-05-18,1752
2022-05-19,1706
2022-05-20,1668
2022-05-21,1487
2022-05-22,1538
2022-05-23,1712
2022-05-24,1684
2022-05-25,1611
2022-05-26,1530
2022-05-27,1326
2022-05-28,1292
2022-05-29,1471
2022-05-30,1564
2022-05-31,1523
2022-06-01,1431
2022-06-02,1608
2022-06-03,1603
2022-06-04,1396
2022-06-05,1496
2022-06-06,1474
2022-06-07,1442
2022-06-08,1525
2022-06-09,1378
2022-06-10,1487
2022-06-11,1281
2022-06-12,1333
2022-06-13,1412
2022-06-14,1517
2022-06-15,1483
2022-06-16,1445
2022-06-17,1263
2022-06-18,1304
2022-06-19,1372
2022-06-20,1512
2022-06-21,1414
2022-06-22,1543
2022-06-23,1449
2022-06-24,1223
2022-06-25,1196
2022-06-26,1275
2022-06-27,1337
2022-06-28,1545
2022-06-29,1393
2022-06-30,1425
2022-07-01,1867
2022-07-02,1364
2022-07-03,1392
2022-07-04,1429
2022-07-05,1457
2022-07-06,1378
2022-07-07,5517
2022-07-08,3400
2022-07-09,2362
2022-07-10,2276
2022-07-11,2780
2022-07-12,2585
2022-07-13,2400
2022-07-14,2766
2022-07-15,2611
2022-07-16,9199
2022-07-17,6669
2022-07-18,10689
2022-07-19,43503
2022-07-20,44632
2022-07-21,43309
2022-07-22,42693
2022-07-23,43248
2022-07-24,37301
2022-07-25,20447
2022-07-26,2934
2022-07-27,2838
2022-07-28,3813
2022-07-29,3321
2022-07-30,3081
2022-07-31,3381
2022-08-01,4584
2022-08-02,4237
2022-08-03,6522
2022-08-04,10428
2022-08-05,13412
2022-08-06,15449
2022-08-07,17569
2022-08-08,20472
2022-08-09,18600
2022-08-10,19710
2022-08-11,21906
2022-08-12,19523
2022-08-13,18256
2022-08-14,11125
2022-08-15,9123
2022-08-16,9062
2022-08-17,8584
2022-08-18,8544
2022-08-19,6186
2022-08-20,6918
2022-08-21,8271
2022-08-22,7471
2022-08-23,5206
2022-08-24,5287
2022-08-25,4890
2022-08-26,4624
2022-08-27,4813
2022-08-28,4944
2022-08-29,5418
2022-08-30,4838
2022-08-31,6293
2022-09-01,4955
2022-09-02,4722
2022-09-03,3980
2022-09-04,4652
2022-09-05,10335
2022-09-06,10015
2022-09-07,9283
2022-09-08,8154
2022-09-09,7500
2022-09-10,6315
2022-09-11,6473
2022-09-12,6734
2022-09-13,6928
2022-09-14,6477
2022-09-15,6882
2022-09-16,6423
2022-09-17,5867
2022-09-18,5586
2022-09-19,5721
2022-09-20,5819
2022-09-21,5822
2022-09-22,5963
2022-09-23,5910
2022-09-24,5255
2022-09-25,5471
2022-09-26,5720
2022-09-27,5578
2022-09-28,5531
2022-09-29,5459
2022-09-30,4967
2022-10-01,4711
2022-10-02,5377
2022-10-03,4870
2022-10-04,4912
2022-10-05,5518
2022-10-06,5804
2022-10-07,5031
2022-10-08,4521
2022-10-09,4760
2022-10-10,5197
2022-10-11,5079
2022-10-12,5321
2022-10-13,5473
2022-10-14,5139
2022-10-15,4834
2022-10-16,5051
2022-10-17,5239
2022-10-18,5085
2022-10-19,4992
2022-10-20,4834
2022-10-21,4611
2022-10-22,4244
2022-10-23,4376
2022-10-24,4767
2022-10-25,4578
2022-10-26,4511
2022-10-27,4620
2022-10-28,4301
2022-10-29,3905
2022-10-30,4518
2022-10-31,4778
2022-11-01,4624
2022-11-02,4762
2022-11-03,4743
2022-11-04,4555
2022-11-05,4496
2022-11-06,5065
2022-11-07,5286
2022-11-08,5930
2022-11-09,5496
2022-11-10,5912
2022-11-11,6244
2022-11-12,6031
2022-11-13,6267
2022-11-14,6547
2022-11-15,6779
2022-11-16,6484
2022-11-17,6763
2022-11-18,7088
2022-11-19,6735
2022-11-20,6541
2022-11-21,7082
2022-11-22,6816
2022-11-23,6896
2022-11-24,6569
2022-11-25,6242
2022-11-26,6471
2022-11-27,6327
2022-11-28,7033
2022-11-29,6273
2022-11-30,6488
2022-12-01,6237
2022-12-02,5778
2022-12-03,6417
2022-12-04,6227
2022-12-05,5359
2022-12-06,5480
2022-12-07,5586
2022-12-08,5592
2022-12-09,5363
2022-12-10,5373
2022-12-11,5774
2022-12-12,7769
2022-12-13,6430
2022-12-14,5937
2022-12-15,6655
2022-12-16,6835
2022-12-17,6096
2022-12-18,6625
2022-12-19,7211
2022-12-20,6549
2022-12-21,6466
2022-12-22,6060
2022-12-23,5997
2022-12-24,4981
2022-12-25,5150
2022-12-26,5590
2022-12-27,6193
2022-12-28,6608
2022-12-29,6768
2022-12-30,6281
2022-12-31,4561
2023-01-01,4834
2023-01-02,5984
2023-01-03,6212
2023-01-04,6312
2023-01-05,6508
2023-01-06,6805
2023-01-07,6257
2023-01-08,6559
2023-01-09,7056
2023-01-10,7105
2023-01-11,7416
2023-01-12,7468
2023-01-13,7484
2023-01-14,7017
2023-01-15,6384
2023-01-16,6789
2023-01-17,7213
2023-01-18,7480
2023-01-19,7922
2023-01-20,8193
2023-01-21,7911
2023-01-22,7323
2023-01-23,8098
2023-01-24,8442
2023-01-25,8109
2023-01-26,8564
2023-01-27,8502
2023-01-28,8178
2023-01-29,7818
2023-01-30,8097
2023-01-31,7621
2023-02-01,7260
2023-02-02,7614
2023-02-03,7741
2023-02-04,7504
2023-02-05,7133
2023-02-06,7473
2023-02-07,7549
2023-02-08,7750
2023-02-09,8140
2023-02-10,7708
2023-02-11,7519
2023-02-12,7611
2023-02-13,7728
2023-02-14,7359
2023-02-15,7337
2023-02-16,7585
2023-02-17,7877
2023-02-18,7587
2023-02-19,7578
2023-02-20,7488
2023-02-21,7329
2023-02-22,7021
2023-02-23,7814
2023-02-24,7673
2023-02-25,6983
2023-02-26,8924
2023-02-27,6902
2023-02-28,7882
2023-03-01,7327
2023-03-02,7558
2023-03-03,7684
2023-03-04,7816
2023-03-05,7542
2023-03-06,7210
2023-03-07,6922
2023-03-08,7029
2023-03-09,7407
2023-03-10,7727
2023-03-11,7367
2023-03-12,6631
2023-03-13,7041
2023-03-14,7622
2023-03-15,8554
2023-03-16,9613
2023-03-17,9927
2023-03-18,9805
2023-03-19,9369
2023-03-20,9952
2023-03-21,10563
2023-03-22,11617
2023-03-23,11213
2023-03-24,11564
2023-03-25,11299
2023-03-26,10561
2023-03-27,11525
2023-03-28,11700
2023-03-29,10521
2023-03-30,13984
2023-03-31,14759
2023-04-01,14494
2023-04-02,16514
2023-04-03,15924
2023-04-04,21272
2023-04-05,21568
2023-04-06,19003
2023-04-07,17421
2023-04-08,15785
2023-04-09,16381
2023-04-10,20588
2023-04-11,28759
2023-04-12,35382
2023-04-13,37779
2023-04-14,53377
2023-04-15,59303
2023-04-16,59463
2023-04-17,62480
2023-04-18,71237
2023-04-19,75874
2023-04-20,98523
2023-04-21,106153
2023-04-22,106978
2023-04-23,101707
2023-04-24,96835
2023-04-25,101834
2023-04-26,97992
2023-04-27,112351
2023-04-28,127125
2023-04-29,125807
2023-04-30,124587
2023-05-01,111455
2023-05-02,107950
2023-05-03,112125
2023-05-04,117077
2023-05-05,118936
2023-05-06,120923
2023-05-07,114515
2023-05-08,110608
2023-05-09,109949
2023-05-10,128983
2023-05-11,131582
2023-05-12,136992
2023-05-13,134692
2023-05-14,122954
2023-05-15,125231
2023-05-16,125648
2023-05-17,133191
2023-05-18,140430
2023-05-19,142588
2023-05-20,136229
2023-05-21,110020
2023-05-22,107692
2023-05-23,110615
2023-05-24,109958
2023-05-25,110194
2023-05-26,115377
2023-05-27,113148
2023-05-28,105910
2023-05-29,106393
2023-05-30,106704
2023-05-31,103915
2023-06-01,111435
2023-06-02,125360
2023-06-03,125382
2023-06-04,109657
2023-06-05,93091
2023-06-06,109049
2023-06-07,107501
2023-06-08,114022
2023-06-09,118178
2023-06-10,115717
2023-06-11,122646
2023-06-12,112049
2023-06-13,114115
2023-06-14,125610
2023-06-15,130524
2023-06-16,152644
2023-06-17,163170
2023-06-18,144520
2023-06-19,143002
2023-06-20,147663
2023-06-21,149701
2023-06-22,152396
2023-06-23,172296
2023-06-24,171055
2023-06-25,158780
2023-06-26,160884
2023-06-27,177011
2023-06-28,159129
2023-06-29,145270
2023-06-30,148720
2023-07-01,145324
2023-07-02,134399
2023-07-03,139768
2023-07-04,142369
2023-07-05,148470
2023-07-06,147133
2023-07-07,146064
2023-07-08,144787
2023-07-09,139555
2023-07-10,138522
2023-07-11,141907
2023-07-12,143537
2023-07-13,152130
2023-07-14,153246
2023-07-15,149691
2023-07-16,154770
2023-07-17,158697
2023-07-18,154384
2023-07-19,156548
2023-07-20,159114
2023-07-21,153999
2023-07-22,142571
2023-07-23,142434
2023-07-24,142972
2023-07-25,135640
2023-07-26,145561
2023-07-27,148535
2023-07-28,148902
2023-07-29,147347
2023-07-30,143720
2023-07-31,138066
2023-08-01,130833
2023-08-02,137441
2023-08-03,144341
2023-08-04,145458
2023-08-05,140308
2023-08-06,139525
2023-08-07,146185
2023-08-08,141034
2023-08-09,140201
2023-08-10,139418
2023-08-11,140725
2023-08-12,134326
2023-08-13,130842
2023-08-14,129118
2023-08-15,125302
2023-08-16,128447
2023-08-17,127050
2023-08-18,127458
2023-08-19,125743
2023-08-20,128668
2023-08-21,115144
2023-08-22,107588
2023-08-23,113610
2023-08-24,118751
2023-08-25,118715
2023-08-26,117009
2023-08-27,120581
2023-08-28,103401
2023-08-29,90415
2023-08-30,98414
2023-08-31,106591
2023-09-01,127845
2023-09-02,130339
2023-09-03,113643
2023-09-04,107782
2023-09-05,106527
2023-09-06,102339
2023-09-07,104523
2023-09-08,120086
2023-09-09,132910
2023-09-10,111401
2023-09-11,105467
2023-09-12,109935
2023-09-13,112476
2023-09-14,115827
2023-09-15,123144
2023-09-16,127613
2023-09-17,110031
2023-09-18,107093
2023-09-19,111772
2023-09-20,107384
2023-09-21,128963
2023-09-22,144262
2023-09-23,139483
2023-09-24,148971
2023-09-25,132225
2023-09-26,127145
2023-09-27,128840
2023-09-28,134541
2023-09-29,153730
2023-09-30,148071
2023-10-01,119474
2023-10-02,114223
2023-10-03,125838
2023-10-04,134976
2023-10-05,133025
2023-10-06,137586
2023-10-07,145987
2023-10-08,132733
2023-10-09,121283
2023-10-10,118128
2023-10-11,119492
2023-10-12,136372
2023-10-13,155950
2023-10-14,156920
2023-10-15,133942
2023-10-16,128308
2023-10-17,120083
2023-10-18,116150
2023-10-19,122070
2023-10-20,133721
2023-10-21,142191
2023-10-22,118279
2023-10-23,110693
2023-10-24,112909
2023-10-25,117171
2023-10-26,120743
2023-10-27,127382
2023-10-28,126905
2023-10-29,120699
2023-10-30,115808
2023-10-31,113126
2023-11-01,103707
2023-11-02,111882
2023-11-03,110685
2023-11-04,112567
2023-11-05,105054
2023-11-06,92974
2023-11-07,93679
2023-11-08,92431
2023-11-09,92648
2023-11-10,105723
2023-11-11,108295
2023-11-12,92633
2023-11-13,94279
2023-11-14,95699
2023-11-15,99053
2023-11-16,98328
2023-11-17,107048
2023-11-18,105483
2023-11-19,94943
2023-11-20,93901
2023-11-21,96523
2023-11-22,99484
2023-11-23,101145
2023-11-24,109409
2023-11-25,112203
2023-11-26,117025
2023-11-27,97117
2023-11-28,93203
2023-11-29,97774
2023-11-30,97223
2023-12-01,106366
2023-12-02,111201
2023-12-03,92326
2023-12-04,88762
2023-12-05,102395
2023-12-06,97116
2023-12-07,110823
2023-12-08,110666
2023-12-09,105138
2023-12-10,97132
2023-12-11,95257
2023-12-12,99050
2023-12-13,99779
2023-12-14,99372
2023-12-15,104292
2023-12-16,99367
2023-12-17,99410
2023-12-18,104302
2023-12-19,108977
2023-12-20,111206
2023-12-21,112448
2023-12-22,113309
2023-12-23,115761
2023-12-24,105869
2023-12-25,93815
2023-12-26,102792
2023-12-27,108057
2023-12-28,108276
2023-12-29,112981
2023-12-30,125345
2023-12-31,115638
2024-01-01,96932
2024-01-02,95361
2024-01-03,96545
2024-01-04,93487
2024-01-05,111147
2024-01-06,114992
2024-01-07,90520
2024-01-08,90921
2024-01-09,94079
2024-01-10,96174
2024-01-11,100487
2024-01-12,112691
2024-01-13,112616
2024-01-14,94331
2024-01-15,93763
2024-01-16,95153
2024-01-17,96331
2024-01-18,97935
2024-01-19,107296
2024-01-20,109108
2024-01-21,96260
2024-01-22,92876
2024-01-23,101953
2024-01-24,103637
2024-01-25,102203
2024-01-26,101374
2024-01-27,98972
2024-01-28,97095
2024-01-29,98005
2024-01-30,89277
2024-01-31,85093
2024-02-01,88590
2024-02-02,96597
2024-02-03,96061
2024-02-04,82008
2024-02-05,83777
2024-02-06,86411
2024-02-07,89311
2024-02-08,101482
2024-02-09,102649
2024-02-10,97057
2024-02-11,83168
2024-02-12,84080
2024-02-13,89877
2024-02-14,86314
2024-02-15,96314
2024-02-16,104457
2024-02-17,103239
2024-02-18,88163
2024-02-19,86078
2024-02-20,84691
2024-02-21,85013
2024-02-22,88448
2024-02-23,100588
2024-02-24,104771
2024-02-25,90017
2024-02-26,85157
2024-02-27,86858
2024-02-28,85615
2024-02-29,89191
2024-03-01,96760
2024-03-02,98556
2024-03-03,78807
2024-03-04,77968
2024-03-05,78648
2024-03-06,81695
2024-03-07,103847
2024-03-08,116440
2024-03-09,113470
2024-03-10,91820
2024-03-11,95177
2024-03-12,100931
2024-03-13,103188
2024-03-14,108614
2024-03-15,112978
2024-03-16,111738
2024-03-17,95256
2024-03-18,92867
2024-03-19,94526
2024-03-20,96575
2024-03-21,98444
2024-03-22,115117
2024-03-23,110980
2024-03-24,99945
2024-03-25,97581
2024-03-26,104878
2024-03-27,102949
2024-03-28,93884
2024-03-29,96329
2024-03-30,93230
2024-03-31,78749
2024-04-01,78507
2024-04-02,82549
2024-04-03,87671
2024-04-04,94133
2024-04-05,98319
2024-04-06,98577
2024-04-07,100744
2024-04-08,100970
2024-04-09,100546
2024-04-10,97267
2024-04-11,99494
2024-04-12,99949
2024-04-13,101302
2024-04-14,106728
2024-04-15,106546
2024-04-16,99470
2024-04-17,96456
2024-04-18,100511
2024-04-19,99170
2024-04-20,98353
2024-04-21,94303
2024-04-22,96865
2024-04-23,98206
2024-04-24,99809
2024-04-25,102924
2024-04-26,101927
2024-04-27,100947
2024-04-28,103054
2024-04-29,105055
2024-04-30,105153
2024-05-01,102954
2024-05-02,110265
2024-05-03,113242
2024-05-04,107902
2024-05-05,105563
2024-05-06,107162
2024-05-07,106395
2024-05-08,107547
2024-05-09,111643
2024-05-10,112948
2024-05-11,111646
2024-05-12,102320
2024-05-13,104616
2024-05-14,108682
2024-05-15,102911
2024-05-16,103142
2024-05-17,102675
2024-05-18,102415
2024-05-19,97879
2024-05-20,93164
2024-05-21,89277
2024-05-22,88296
2024-05-23,94562
2024-05-24,92100
2024-05-25,85965
2024-05-26,86239
2024-05-27,84749
2024-05-28,86736
2024-05-29,87145
2024-05-30,88678
2024-05-31,86124
2024-06-01,80390
2024-06-02,83819
2024-06-03,84700
2024-06-04,85506
2024-06-05,87825
2024-06-06,91404
2024-06-07,87183
2024-06-08,78624
2024-06-09,80554
2024-06-10,85967
2024-06-11,86585
2024-06-12,86031
2024-06-13,86911
2024-06-14,83630
2024-06-15,78519
2024-06-16,77969
2024-06-17,78712
2024-06-18,78326
2024-06-19,80619
2024-06-20,77237
2024-06-21,74333
2024-06-22,68578
2024-06-23,69760
2024-06-24,73641
2024-06-25,74561
2024-06-26,76657
2024-06-27,77479
2024-06-28,76833
2024-06-29,72574
2024-06-30,76101
2024-07-01,87023
2024-07-02,87081
2024-07-03,86824
2024-07-04,84168
2024-07-05,82922
2024-07-06,77854
2024-07-07,76600
2024-07-08,85378
2024-07-09,86140
2024-07-10,84730
2024-07-11,85856
2024-07-12,82917
2024-07-13,78991
2024-07-14,80041
2024-07-15,84275
2024-07-16,83595
2024-07-17,88677
2024-07-18,98086
2024-07-19,96993
2024-07-20,92782
2024-07-21,91180
2024-07-22,90351
2024-07-23,85919
2024-07-24,86892
2024-07-25,96618
2024-07-26,102452
2024-07-27,92967
2024-07-28,83779
2024-07-29,81880
2024-07-30,92065
2024-07-31,90071
2024-08-01,97356
2024-08-02,108563
2024-08-03,110430
2024-08-04,97754
2024-08-05,99965
2024-08-06,103234
2024-08-07,104068
2024-08-08,104364
2024-08-09,111604
2024-08-10,113648
2024-08-11,106012
2024-08-12,102044
2024-08-13,104515
2024-08-14,104915
2024-08-15,104786
2024-08-16,109228
2024-08-17,113787
2024-08-18,103087
2024-08-19,103721
2024-08-20,107067
2024-08-21,102847
2024-08-22,106761
2024-08-23,108027
2024-08-24,102560
2024-08-25,102790
2024-08-26,96442
2024-08-27,90871
2024-08-28,95500
2024-08-29,97943
2024-08-30,103930
2024-08-31,106468
2024-09-01,102588
2024-09-02,105563
2024-09-03,104642
2024-09-04,102174
2024-09-05,106415
2024-09-06,106789
2024-09-07,106491
2024-09-08,92272
2024-09-09,84952
2024-09-10,84964
2024-09-11,85369
2024-09-12,90752
2024-09-13,94265
2024-09-14,98705
2024-09-15,90565
2024-09-16,90536
2024-09-17,91052
2024-09-18,88436
2024-09-19,90149
2024-09-20,96533
2024-09-21,100106
2024-09-22,90452
2024-09-23,90744
2024-09-24,89168
2024-09-25,97182
2024-09-26,102153
2024-09-27,97866
2024-09-28,96014
2024-09-29,89298
2024-09-30,87362
2024-10-01,87599
2024-10-02,90948
2024-10-03,98008
2024-10-04,102586
2024-10-05,100524
2024-10-06,91827
2024-10-07,87142
2024-10-08,87469
2024-10-09,85243
2024-10-10,86894
2024-10-11,91604
2024-10-12,92193
2024-10-13,84931
2024-10-14,87069
2024-10-15,86551
2024-10-16,85464
2024-10-17,89151
2024-10-18,91145
2024-10-19,91201
2024-10-20,80449
2024-10-21,79713
2024-10-22,83090
2024-10-23,78517
2024-10-24,78764
2024-10-25,88622
2024-10-26,88100
2024-10-27,85504
2024-10-28,87650
2024-10-29,90720
2024-10-30,95416
2024-10-31,98751
2024-11-01,88669
2024-11-02,86521
2024-11-03,81763
2024-11-04,73803
2024-11-05,83201
2024-11-06,87197
2024-11-07,95290
2024-11-08,100433
2024-11-09,103593
2024-11-10,95997
2024-11-11,90480
2024-11-12,84888
2024-11-13,93732
2024-11-14,94039
2024-11-15,93082
2024-11-16,88721
2024-11-17,93358
2024-11-18,85955
2024-11-19,85631
2024-11-20,85003
2024-11-21,83150
2024-11-22,85699
2024-11-23,87741
2024-11-24,85033
2024-11-25,85944
2024-11-26,87350
2024-11-27,88147
2024-11-28,87925
2024-11-29,88697
2024-11-30,89041
2024-12-01,84082
2024-12-02,84241
2024-12-03,82400
2024-12-04,79698
2024-12-05,81554
2024-12-06,87976
2024-12-07,86561
2024-12-08,78247
2024-12-09,77069
2024-12-10,76513
2024-12-11,74759
2024-12-12,78221
2024-12-13,83799
2024-12-14,79089
2024-12-15,72696
2024-12-16,76983
2024-12-17,75304
2024-12-18,75089
2024-12-19,76012
2024-12-20,74870
2024-12-21,72090
2024-12-22,79625
2024-12-23,79318
2024-12-24,65765
2024-12-25,63348
2024-12-26,67003
2024-12-27,67509
2024-12-28,66156
2024-12-29,67373
2024-12-30,76964
2024-12-31,64989
2025-01-01,62781
2025-01-02,70541
2025-01-03,69475
2025-01-04,67033
2025-01-05,64999
2025-01-06,65712
2025-01-07,66075
2025-01-08,71997
2025-01-09,72462
2025-01-10,75022
2025-01-11,73903
2025-01-12,74866
2025-01-13,69187
2025-01-14,70544
2025-01-15,72972
2025-01-16,75338
2025-01-17,78263
2025-01-18,73290
2025-01-19,68008
2025-01-20,74501
2025-01-21,73506
2025-01-22,76482
2025-01-23,81145
2025-01-24,86953
2025-01-25,88319
2025-01-26,78777
2025-01-27,76843
2025-01-28,86264
2025-01-29,86125
2025-01-30,95826
2025-01-31,108243
2025-02-01,106328
2025-02-02,102428
2025-02-03,105008
2025-02-04,105089
2025-02-05,102241
2025-02-06,102333
2025-02-07,105094
2025-02-08,102115
2025-02-09,96734
2025-02-10,93132
2025-02-11,91927
2025-02-12,93739
2025-02-13,98822
2025-02-14,99434
2025-02-15,101413
2025-02-16,92308
2025-02-17,93474
2025-02-18,119208
2025-02-19,113292
2025-02-20,118077
2025-02-21,132401
2025-02-22,139225
2025-02-23,116918
2025-02-24,101991
2025-02-25,113036
2025-02-26,120070
2025-02-27,120474
2025-02-28,125352
2025-03-01,123044
2025-03-02,106170
2025-03-03,109279
2025-03-04,119323
2025-03-05,118479
2025-03-06,120454
2025-03-07,123887
2025-03-08,130497
2025-03-09,105981
2025-03-10,111641
2025-03-11,136394
2025-03-12,143672
2025-03-13,160092
2025-03-14,166747
2025-03-15,176202
2025-03-16,154781
2025-03-17,144679
2025-03-18,149806
2025-03-19,155814
2025-03-20,158417
2025-03-21,152449
2025-03-22,149061
2025-03-23,134136
2025-03-24,134694
2025-03-25,140417
2025-03-26,133021
2025-03-27,139533
2025-03-28,147701
2025-03-29,141680
2025-03-30,131976
2025-03-31,142055
2025-04-01,129974
2025-04-02,133348
2025-04-03,138808
2025-04-04,145322
2025-04-05,146560
2025-04-06,164118
2025-04-07,146290
2025-04-08,143628
2025-04-09,141664
2025-04-10,132564
2025-04-11,133778
2025-04-12,126975
2025-04-13,117044
2025-04-14,120776
2025-04-15,120613
2025-04-16,121827
2025-04-17,103877
2025-04-18,97968
2025-04-19,99441
2025-04-20,102216
2025-04-21,106336
2025-04-22,104669
2025-04-23,104369
2025-04-24,100633
2025-04-25,97943
2025-04-26,92929
2025-04-27,131284
2025-04-28,120731
2025-04-29,98172
2025-04-30,92367
2025-05-01,93925
2025-05-02,88732
2025-05-03,83849
2025-05-04,82421
2025-05-05,82874
2025-05-06,84654
2025-05-07,87154
2025-05-08,89418
2025-05-09,94661
2025-05-10,86369
2025-05-11,86758
2025-05-12,87547
2025-05-13,100374
2025-05-14,110741
2025-05-15,105384
2025-05-16,102041
2025-05-17,91930
2025-05-18,90478
2025-05-19,96520
2025-05-20,95271
2025-05-21,93044
2025-05-22,92676
2025-05-23,86907
2025-05-24,84265
2025-05-25,79911
2025-05-26,84198
2025-05-27,83726
2025-05-28,77474
2025-05-29,75365
2025-05-30,74857
2025-05-31,69859
2025-06-01,77088
2025-06-02,83718
2025-06-03,83634
2025-06-04,81419
2025-06-05,77968
2025-06-06,75259
2025-06-07,71385
2025-06-08,74608
2025-06-09,78663
2025-06-10,79546
2025-06-11,77451
2025-06-12,83614
2025-06-13,85582
2025-06-14,85643
2025-06-15,82638
2025-06-16,79998
2025-06-17,80003
2025-06-18,79327
2025-06-19,79919
2025-06-20,86161
2025-06-21,86410
2025-06-22,79628
2025-06-23,78304
2025-06-24,80286
2025-06-25,85141
2025-06-26,86905
2025-06-27,83889
2025-06-28,82214
2025-06-29,79565
2025-06-30,79095
2025-07-01,77570
2025-07-02,79935
2025-07-03,86316
2025-07-04,88633
2025-07-05,84635
2025-07-06,81891
2025-07-07,79037
